[
  {
    "platform" : "IPHONE",
    "searchTime" : "2025-07-12T22:24:29.058Z[UTC]",
    "searchQuery" : "gold",
    "searchInteractionURIs" : [
      "spotify:track:1CPZ5BxNNd0n0nF4Orb9JS"
    ]
  },
  {
    "platform" : "IPHONE",
    "searchTime" : "2025-07-12T22:24:44.551Z[UTC]",
    "searchQuery" : "parade",
    "searchInteractionURIs" : [
      "spotify:track:4HYcuSfOZg3Tlx5wYlRX4j",
      "spotify:artist:2dIgFjalVxs4ThymZ67YCE"
    ]
  },
  {
    "platform" : "IPHONE",
    "searchTime" : "2025-07-12T23:14:26.715Z[UTC]",
    "searchQuery" : "wh",
    "searchInteractionURIs" : [
      "spotify:track:7Cnpb1vBbC46RgVyyKLH7p"
    ]
  },
  {
    "platform" : "IPHONE",
    "searchTime" : "2025-07-12T23:19:50.568Z[UTC]",
    "searchQuery" : "sev",
    "searchInteractionURIs" : [
      "spotify:artist:7nqOGRxlXj7N2JYbgNEjYH"
    ]
  },
  {
    "platform" : "IPHONE",
    "searchTime" : "2025-07-13T06:22:39.343Z[UTC]",
    "searchQuery" : "cinema",
    "searchInteractionURIs" : [
      "spotify:track:45WEkgFSP5Af8Huepaj4P1"
    ]
  },
  {
    "platform" : "IPHONE",
    "searchTime" : "2025-07-13T06:23:48.779Z[UTC]",
    "searchQuery" : "atee",
    "searchInteractionURIs" : [
      "spotify:artist:68KmkJeZGfwe1OUaivBa2L"
    ]
  },
  {
    "platform" : "IPHONE_ARM64",
    "searchTime" : "2025-07-13T06:59:07.923Z[UTC]",
    "searchQuery" : "g",
    "searchInteractionURIs" : [
    ]
  },
  {
    "platform" : "IPHONE_ARM64",
    "searchTime" : "2025-07-13T06:59:07.946Z[UTC]",
    "searchQuery" : "go",
    "searchInteractionURIs" : [
    ]
  },
  {
    "platform" : "IPHONE",
    "searchTime" : "2025-07-13T06:59:09.090Z[UTC]",
    "searchQuery" : "got7",
    "searchInteractionURIs" : [
      "spotify:playlist:37i9dQZF1DZ06evO3LlH72"
    ]
  },
  {
    "platform" : "IPHONE",
    "searchTime" : "2025-07-14T05:56:36.481Z[UTC]",
    "searchQuery" : "seven",
    "searchInteractionURIs" : [
      "spotify:artist:7nqOGRxlXj7N2JYbgNEjYH"
    ]
  },
  {
    "platform" : "IPHONE",
    "searchTime" : "2025-07-14T20:47:08.358Z[UTC]",
    "searchQuery" : "softball hyp",
    "searchInteractionURIs" : [
      "spotify:playlist:1R4XoKNCbKrTGIOlEqrTiD"
    ]
  },
  {
    "platform" : "IPHONE",
    "searchTime" : "2025-07-14T20:51:41.788Z[UTC]",
    "searchQuery" : "kpop wor",
    "searchInteractionURIs" : [
      "spotify:playlist:37i9dQZF1EIfySv4aFp6hA"
    ]
  },
  {
    "platform" : "IPHONE",
    "searchTime" : "2025-07-14T20:53:44.783Z[UTC]",
    "searchQuery" : "workout",
    "searchInteractionURIs" : [
      "spotify:playlist:37i9dQZF1EIgzSCNweQzPQ",
      "spotify:playlist:37i9dQZF1EIeNbDmYrgnbS",
      "spotify:playlist:3U7mEmGXnG3RJ1lrC2Jhvz",
      "spotify:playlist:3wZg1qB0p2RshOUvghXEJG",
      "spotify:playlist:1GfuMQxvw8BcgUx0ozH3fl",
      "spotify:playlist:0orDWyz3Wv1XDpO0YuiRw1"
    ]
  },
  {
    "platform" : "IPHONE",
    "searchTime" : "2025-07-14T20:57:53.837Z[UTC]",
    "searchQuery" : "intense club",
    "searchInteractionURIs" : [
      "spotify:playlist:37i9dQZF1EIdRbbO6rUUEk",
      "spotify:playlist:37i9dQZF1EIeW8CusFNh6t",
      "spotify:playlist:37i9dQZF1EIeaaHrSYIpJh",
      "spotify:playlist:45gzeJFcUbNyHN4t3S5wrl",
      "spotify:playlist:37i9dQZF1EIheh2DrZ2D3d"
    ]
  },
  {
    "platform" : "IPHONE",
    "searchTime" : "2025-07-14T20:59:52.839Z[UTC]",
    "searchQuery" : "female rage",
    "searchInteractionURIs" : [
      "spotify:search:female+rage+gym",
      "spotify:playlist:746fBDn0wHUbgwadqyMh3P",
      "spotify:playlist:79thLKvh5Z6LFXkyR05ZZj",
      "spotify:playlist:6P9PX55dPlHKCvGoMoPIAt",
      "spotify:playlist:4Y2eAKgySXLcJchMBmCZkG",
      "spotify:playlist:1bz5c7piHpbtPqHc25I4XD",
      "spotify:playlist:37i9dQZF1EIh2g9BXwCTIZ",
      "spotify:playlist:6B8FyYg68731VhYOaUnQe2",
      "spotify:playlist:66Y8xNtFYcSefdOj9vy6uw"
    ]
  },
  {
    "platform" : "IPHONE",
    "searchTime" : "2025-07-14T21:01:13.875Z[UTC]",
    "searchQuery" : "female rage gym",
    "searchInteractionURIs" : [
      "spotify:playlist:3oGlcQkbF6HdKN2kGoklIv",
      "spotify:playlist:6p8D9HqnfMMMpU8hzO5Tsh"
    ]
  },
  {
    "platform" : "IPHONE",
    "searchTime" : "2025-07-15T14:36:36.199Z[UTC]",
    "searchQuery" : "song of",
    "searchInteractionURIs" : [
      "spotify:show:2cUSY7yvw0VIJZLCJpiua6"
    ]
  },
  {
    "platform" : "IPHONE",
    "searchTime" : "2025-07-18T03:21:41.128Z[UTC]",
    "searchQuery" : "monsters hand",
    "searchInteractionURIs" : [
      "spotify:track:6okhNU97I9bKQ1wCbtleOQ"
    ]
  },
  {
    "platform" : "",
    "searchTime" : "2025-07-18T04:11:58.455Z[UTC]",
    "searchQuery" : "monsters hand",
    "searchInteractionURIs" : [
    ]
  },
  {
    "platform" : "",
    "searchTime" : "2025-07-18T04:11:58.504Z[UTC]",
    "searchQuery" : "monsters hand",
    "searchInteractionURIs" : [
    ]
  },
  {
    "platform" : "",
    "searchTime" : "2025-07-18T19:41:28.099Z[UTC]",
    "searchQuery" : "da",
    "searchInteractionURIs" : [
    ]
  },
  {
    "platform" : "",
    "searchTime" : "2025-07-18T19:41:28.111Z[UTC]",
    "searchQuery" : "dal",
    "searchInteractionURIs" : [
    ]
  },
  {
    "platform" : "",
    "searchTime" : "2025-07-18T19:41:28.174Z[UTC]",
    "searchQuery" : "da",
    "searchInteractionURIs" : [
    ]
  },
  {
    "platform" : "",
    "searchTime" : "2025-07-18T19:41:28.201Z[UTC]",
    "searchQuery" : "dal",
    "searchInteractionURIs" : [
    ]
  },
  {
    "platform" : "IPHONE",
    "searchTime" : "2025-07-18T19:41:28.944Z[UTC]",
    "searchQuery" : "dally",
    "searchInteractionURIs" : [
      "spotify:track:1JD37Pmj6xJj8dlWHgLG9C",
      "spotify:playlist:1puaK7Uze1CWmQ3T3kjXR7"
    ]
  },
  {
    "platform" : "",
    "searchTime" : "2025-07-19T00:13:47.578Z[UTC]",
    "searchQuery" : "bring it",
    "searchInteractionURIs" : [
    ]
  },
  {
    "platform" : "",
    "searchTime" : "2025-07-19T00:13:47.639Z[UTC]",
    "searchQuery" : "bring it",
    "searchInteractionURIs" : [
    ]
  },
  {
    "platform" : "IPHONE",
    "searchTime" : "2025-07-20T02:24:58.319Z[UTC]",
    "searchQuery" : "bts",
    "searchInteractionURIs" : [
      "spotify:artist:3Nrfpe0tUJi4K4DXYWgMUX"
    ]
  },
  {
    "platform" : "IPHONE",
    "searchTime" : "2025-07-23T14:43:59.257Z[UTC]",
    "searchQuery" : "bts",
    "searchInteractionURIs" : [
      "spotify:artist:3Nrfpe0tUJi4K4DXYWgMUX"
    ]
  },
  {
    "platform" : "",
    "searchTime" : "2025-07-25T01:41:00.577Z[UTC]",
    "searchQuery" : "golde",
    "searchInteractionURIs" : [
    ]
  },
  {
    "platform" : "",
    "searchTime" : "2025-07-25T01:41:00.652Z[UTC]",
    "searchQuery" : "golde",
    "searchInteractionURIs" : [
    ]
  },
  {
    "platform" : "IPHONE",
    "searchTime" : "2025-07-25T01:41:01.008Z[UTC]",
    "searchQuery" : "golden",
    "searchInteractionURIs" : [
      "spotify:track:1CPZ5BxNNd0n0nF4Orb9JS"
    ]
  },
  {
    "platform" : "IPHONE",
    "searchTime" : "2025-07-25T01:43:59.904Z[UTC]",
    "searchQuery" : "paran",
    "searchInteractionURIs" : [
      "spotify:search:paranoid"
    ]
  },
  {
    "platform" : "IPHONE",
    "searchTime" : "2025-07-25T01:44:07.046Z[UTC]",
    "searchQuery" : "paranoid",
    "searchInteractionURIs" : [
      "spotify:track:4MSqgoFS7e8LpsxeeMMVMu"
    ]
  },
  {
    "platform" : "",
    "searchTime" : "2025-07-25T02:05:37.936Z[UTC]",
    "searchQuery" : "f",
    "searchInteractionURIs" : [
    ]
  },
  {
    "platform" : "",
    "searchTime" : "2025-07-25T02:05:38.012Z[UTC]",
    "searchQuery" : "f",
    "searchInteractionURIs" : [
    ]
  },
  {
    "platform" : "",
    "searchTime" : "2025-07-25T02:05:38.960Z[UTC]",
    "searchQuery" : "flex u",
    "searchInteractionURIs" : [
    ]
  },
  {
    "platform" : "",
    "searchTime" : "2025-07-25T02:05:39.026Z[UTC]",
    "searchQuery" : "flex u",
    "searchInteractionURIs" : [
    ]
  },
  {
    "platform" : "IPHONE",
    "searchTime" : "2025-07-25T02:05:39.463Z[UTC]",
    "searchQuery" : "flex up",
    "searchInteractionURIs" : [
      "spotify:track:5Ryu0SlsYjKh78RkJUONFr"
    ]
  },
  {
    "platform" : "IPHONE",
    "searchTime" : "2025-07-25T02:05:57.658Z[UTC]",
    "searchQuery" : "paranoi",
    "searchInteractionURIs" : [
      "spotify:search:paranoid"
    ]
  },
  {
    "platform" : "IPHONE",
    "searchTime" : "2025-07-25T02:05:59.579Z[UTC]",
    "searchQuery" : "paranoid",
    "searchInteractionURIs" : [
      "spotify:track:1Y373MqadDRtclJNdnUXVc",
      "spotify:track:4MSqgoFS7e8LpsxeeMMVMu"
    ]
  },
  {
    "platform" : "",
    "searchTime" : "2025-07-25T02:37:02.564Z[UTC]",
    "searchQuery" : "paranoid",
    "searchInteractionURIs" : [
    ]
  },
  {
    "platform" : "IPHONE",
    "searchTime" : "2025-07-25T02:37:09.954Z[UTC]",
    "searchQuery" : "crazy",
    "searchInteractionURIs" : [
      "spotify:track:7ACxUo21jtTHzy7ZEV56vU"
    ]
  },
  {
    "platform" : "",
    "searchTime" : "2025-07-27T19:34:18.347Z[UTC]",
    "searchQuery" : "countr",
    "searchInteractionURIs" : [
    ]
  },
  {
    "platform" : "",
    "searchTime" : "2025-07-27T19:34:18.427Z[UTC]",
    "searchQuery" : "countr",
    "searchInteractionURIs" : [
    ]
  },
  {
    "platform" : "",
    "searchTime" : "2025-07-27T19:34:18.703Z[UTC]",
    "searchQuery" : "country ",
    "searchInteractionURIs" : [
    ]
  },
  {
    "platform" : "",
    "searchTime" : "2025-07-27T19:34:18.783Z[UTC]",
    "searchQuery" : "country ",
    "searchInteractionURIs" : [
    ]
  },
  {
    "platform" : "IPHONE",
    "searchTime" : "2025-07-27T19:34:19.833Z[UTC]",
    "searchQuery" : "country girls ",
    "searchInteractionURIs" : [
      "spotify:track:7wClmUpQfhOY24GVdSGXSd"
    ]
  },
  {
    "platform" : "IPHONE",
    "searchTime" : "2025-07-28T05:25:06.672Z[UTC]",
    "searchQuery" : "wild",
    "searchInteractionURIs" : [
      "spotify:show:0N8nskM0u3vYBbSzNAJbz9"
    ]
  },
  {
    "platform" : "IPHONE",
    "searchTime" : "2025-07-28T05:25:19.429Z[UTC]",
    "searchQuery" : "the fri",
    "searchInteractionURIs" : [
      "spotify:show:0a0xJ3cGBDLtyp73kxJdTM"
    ]
  },
  {
    "platform" : "IPHONE",
    "searchTime" : "2025-07-29T14:30:22.609Z[UTC]",
    "searchQuery" : "song",
    "searchInteractionURIs" : [
      "spotify:show:2cUSY7yvw0VIJZLCJpiua6"
    ]
  },
  {
    "platform" : "IPHONE",
    "searchTime" : "2025-08-01T04:24:46.268Z[UTC]",
    "searchQuery" : "tonight ab",
    "searchInteractionURIs" : [
      "spotify:track:3dC1y5iOmWKdOpyPN9DBvF"
    ]
  },
  {
    "platform" : "IPHONE",
    "searchTime" : "2025-08-01T04:25:26.947Z[UTC]",
    "searchQuery" : "feel u ",
    "searchInteractionURIs" : [
      "spotify:track:0xDSZ754ZOdthmF784uuE5"
    ]
  },
  {
    "platform" : "IPHONE",
    "searchTime" : "2025-08-01T04:25:44.970Z[UTC]",
    "searchQuery" : "laid off",
    "searchInteractionURIs" : [
      "spotify:track:2XnhRqj1Pgd5CASKVik3XH"
    ]
  },
  {
    "platform" : "",
    "searchTime" : "2025-08-01T04:26:14.922Z[UTC]",
    "searchQuery" : "lithium o",
    "searchInteractionURIs" : [
    ]
  },
  {
    "platform" : "",
    "searchTime" : "2025-08-01T04:26:15.021Z[UTC]",
    "searchQuery" : "lithium o",
    "searchInteractionURIs" : [
    ]
  },
  {
    "platform" : "IPHONE",
    "searchTime" : "2025-08-01T04:26:15.875Z[UTC]",
    "searchQuery" : "lithium odd",
    "searchInteractionURIs" : [
      "spotify:track:1U3nHai9ueJCuEXbf8TvBA"
    ]
  },
  {
    "platform" : "",
    "searchTime" : "2025-08-01T04:26:56.401Z[UTC]",
    "searchQuery" : "r",
    "searchInteractionURIs" : [
    ]
  },
  {
    "platform" : "",
    "searchTime" : "2025-08-01T04:26:56.471Z[UTC]",
    "searchQuery" : "r",
    "searchInteractionURIs" : [
    ]
  },
  {
    "platform" : "IPHONE",
    "searchTime" : "2025-08-01T04:27:02.019Z[UTC]",
    "searchQuery" : "rainbow at",
    "searchInteractionURIs" : [
      "spotify:track:4bLujgDSlHpsPaMZDuc59i"
    ]
  },
  {
    "platform" : "",
    "searchTime" : "2025-08-01T04:28:22.032Z[UTC]",
    "searchQuery" : "kic",
    "searchInteractionURIs" : [
    ]
  },
  {
    "platform" : "",
    "searchTime" : "2025-08-01T04:28:22.099Z[UTC]",
    "searchQuery" : "kic",
    "searchInteractionURIs" : [
    ]
  },
  {
    "platform" : "",
    "searchTime" : "2025-08-01T04:28:23.045Z[UTC]",
    "searchQuery" : "kick ba",
    "searchInteractionURIs" : [
    ]
  },
  {
    "platform" : "",
    "searchTime" : "2025-08-01T04:28:23.115Z[UTC]",
    "searchQuery" : "kick ba",
    "searchInteractionURIs" : [
    ]
  },
  {
    "platform" : "IPHONE",
    "searchTime" : "2025-08-01T04:28:26.671Z[UTC]",
    "searchQuery" : "kick back t",
    "searchInteractionURIs" : [
      "spotify:track:48xT2rv2N29qMS2mxkSELM"
    ]
  },
  {
    "platform" : "",
    "searchTime" : "2025-08-01T04:39:33.664Z[UTC]",
    "searchQuery" : "sele",
    "searchInteractionURIs" : [
    ]
  },
  {
    "platform" : "",
    "searchTime" : "2025-08-01T04:39:33.725Z[UTC]",
    "searchQuery" : "sele",
    "searchInteractionURIs" : [
    ]
  },
  {
    "platform" : "IPHONE_ARM64",
    "searchTime" : "2025-08-01T04:39:33.882Z[UTC]",
    "searchQuery" : "se",
    "searchInteractionURIs" : [
    ]
  },
  {
    "platform" : "IPHONE",
    "searchTime" : "2025-08-01T04:39:37.537Z[UTC]",
    "searchQuery" : "selecta 19 ",
    "searchInteractionURIs" : [
      "spotify:track:0NAwYRPlnSshB5HzTxlphz"
    ]
  },
  {
    "platform" : "IPHONE",
    "searchTime" : "2025-08-01T04:40:12.376Z[UTC]",
    "searchQuery" : "viper mph",
    "searchInteractionURIs" : [
      "spotify:track:1crXIgzgQ8pIGzr9tMmbtu"
    ]
  },
  {
    "platform" : "",
    "searchTime" : "2025-08-01T04:49:17.530Z[UTC]",
    "searchQuery" : "show ",
    "searchInteractionURIs" : [
    ]
  },
  {
    "platform" : "",
    "searchTime" : "2025-08-01T04:49:17.596Z[UTC]",
    "searchQuery" : "show ",
    "searchInteractionURIs" : [
    ]
  },
  {
    "platform" : "IPHONE",
    "searchTime" : "2025-08-01T04:49:30.071Z[UTC]",
    "searchQuery" : "show me hab",
    "searchInteractionURIs" : [
      "spotify:track:5SXraSSzdimq8Ih7I1Tp0M"
    ]
  },
  {
    "platform" : "IPHONE",
    "searchTime" : "2025-08-01T04:49:49.780Z[UTC]",
    "searchQuery" : "knock2",
    "searchInteractionURIs" : [
      "spotify:track:4FKRT4uPFx2L4exy9DCs1o",
      "spotify:track:5PkWhNfVEz2O9n8b6cQFMw",
      "spotify:track:5GEAKD9oEgIMaxJSAfxwNB"
    ]
  },
  {
    "platform" : "",
    "searchTime" : "2025-08-01T04:59:20.750Z[UTC]",
    "searchQuery" : "zed",
    "searchInteractionURIs" : [
    ]
  },
  {
    "platform" : "",
    "searchTime" : "2025-08-01T04:59:20.807Z[UTC]",
    "searchQuery" : "zed",
    "searchInteractionURIs" : [
    ]
  },
  {
    "platform" : "IPHONE",
    "searchTime" : "2025-08-01T04:59:21.410Z[UTC]",
    "searchQuery" : "zedss",
    "searchInteractionURIs" : [
      "spotify:search:zeds+dead"
    ]
  },
  {
    "platform" : "IPHONE",
    "searchTime" : "2025-08-01T04:59:23.648Z[UTC]",
    "searchQuery" : "zeds dead",
    "searchInteractionURIs" : [
      "spotify:track:0AJjaT1ZTsqT2LgatL1oBv",
      "spotify:track:1E0CZWim9mfwrCkXvieES8"
    ]
  },
  {
    "platform" : "",
    "searchTime" : "2025-08-01T05:08:33.620Z[UTC]",
    "searchQuery" : "zeds dead",
    "searchInteractionURIs" : [
    ]
  },
  {
    "platform" : "",
    "searchTime" : "2025-08-01T05:08:33.685Z[UTC]",
    "searchQuery" : "zeds dead",
    "searchInteractionURIs" : [
    ]
  },
  {
    "platform" : "",
    "searchTime" : "2025-08-01T05:08:42.300Z[UTC]",
    "searchQuery" : "hs",
    "searchInteractionURIs" : [
    ]
  },
  {
    "platform" : "",
    "searchTime" : "2025-08-01T05:08:42.370Z[UTC]",
    "searchQuery" : "hs",
    "searchInteractionURIs" : [
    ]
  },
  {
    "platform" : "",
    "searchTime" : "2025-08-01T05:08:42.421Z[UTC]",
    "searchQuery" : "h",
    "searchInteractionURIs" : [
    ]
  },
  {
    "platform" : "",
    "searchTime" : "2025-08-01T05:08:42.486Z[UTC]",
    "searchQuery" : "h",
    "searchInteractionURIs" : [
    ]
  },
  {
    "platform" : "",
    "searchTime" : "2025-08-01T05:08:54.642Z[UTC]",
    "searchQuery" : "chris la",
    "searchInteractionURIs" : [
    ]
  },
  {
    "platform" : "",
    "searchTime" : "2025-08-01T05:08:54.702Z[UTC]",
    "searchQuery" : "chris la",
    "searchInteractionURIs" : [
    ]
  },
  {
    "platform" : "IPHONE",
    "searchTime" : "2025-08-01T05:08:58.127Z[UTC]",
    "searchQuery" : "chris lake",
    "searchInteractionURIs" : [
      "spotify:track:74nEGIzIefJhJ5qX7NeIAz",
      "spotify:track:7IM73yy9leN8ftZsOVmVTO"
    ]
  },
  {
    "platform" : "IPHONE",
    "searchTime" : "2025-08-01T05:09:08.300Z[UTC]",
    "searchQuery" : "chris lake",
    "searchInteractionURIs" : [
      "spotify:track:75f4fO9adbAYJqNBKJNrxs"
    ]
  },
  {
    "platform" : "IPHONE",
    "searchTime" : "2025-08-01T14:26:14.966Z[UTC]",
    "searchQuery" : "zero",
    "searchInteractionURIs" : [
      "spotify:artist:7cjg7EkeZy3OI5o9Qthc6n"
    ]
  },
  {
    "platform" : "",
    "searchTime" : "2025-08-01T16:52:10.716Z[UTC]",
    "searchQuery" : "zero",
    "searchInteractionURIs" : [
    ]
  },
  {
    "platform" : "",
    "searchTime" : "2025-08-01T16:52:10.786Z[UTC]",
    "searchQuery" : "zero",
    "searchInteractionURIs" : [
    ]
  },
  {
    "platform" : "",
    "searchTime" : "2025-08-01T16:52:54.823Z[UTC]",
    "searchQuery" : "nct 1",
    "searchInteractionURIs" : [
    ]
  },
  {
    "platform" : "",
    "searchTime" : "2025-08-01T16:52:54.844Z[UTC]",
    "searchQuery" : "nct",
    "searchInteractionURIs" : [
    ]
  },
  {
    "platform" : "",
    "searchTime" : "2025-08-01T16:52:54.890Z[UTC]",
    "searchQuery" : "nct ",
    "searchInteractionURIs" : [
    ]
  },
  {
    "platform" : "",
    "searchTime" : "2025-08-01T16:52:54.895Z[UTC]",
    "searchQuery" : "n",
    "searchInteractionURIs" : [
    ]
  },
  {
    "platform" : "",
    "searchTime" : "2025-08-01T16:52:54.897Z[UTC]",
    "searchQuery" : "nct 1",
    "searchInteractionURIs" : [
    ]
  },
  {
    "platform" : "",
    "searchTime" : "2025-08-01T16:52:54.904Z[UTC]",
    "searchQuery" : "nct",
    "searchInteractionURIs" : [
    ]
  },
  {
    "platform" : "",
    "searchTime" : "2025-08-01T16:52:54.945Z[UTC]",
    "searchQuery" : "nct ",
    "searchInteractionURIs" : [
    ]
  },
  {
    "platform" : "",
    "searchTime" : "2025-08-01T16:52:54.972Z[UTC]",
    "searchQuery" : "n",
    "searchInteractionURIs" : [
    ]
  },
  {
    "platform" : "IPHONE",
    "searchTime" : "2025-08-01T16:52:55.464Z[UTC]",
    "searchQuery" : "nct 127",
    "searchInteractionURIs" : [
      "spotify:artist:7f4ignuCJhLXfZ9giKT7rH"
    ]
  },
  {
    "platform" : "IPHONE",
    "searchTime" : "2025-08-02T00:11:26.909Z[UTC]",
    "searchQuery" : "my all",
    "searchInteractionURIs" : [
      "spotify:track:3RSpK5Y0y5tl25qvssrwJ6",
      "spotify:playlist:5iOYQhk8g9AVYXSKlmzpFH"
    ]
  },
  {
    "platform" : "",
    "searchTime" : "2025-08-03T05:40:33.065Z[UTC]",
    "searchQuery" : "ptra",
    "searchInteractionURIs" : [
    ]
  },
  {
    "platform" : "",
    "searchTime" : "2025-08-03T05:40:33.151Z[UTC]",
    "searchQuery" : "ptra",
    "searchInteractionURIs" : [
    ]
  },
  {
    "platform" : "IPHONE",
    "searchTime" : "2025-08-03T05:40:40.156Z[UTC]",
    "searchQuery" : "pteraz",
    "searchInteractionURIs" : [
      "spotify:artist:24lSOruSbioiHq3hLCDLmp"
    ]
  },
  {
    "platform" : "IPHONE",
    "searchTime" : "2025-08-03T07:22:41.589Z[UTC]",
    "searchQuery" : "harry",
    "searchInteractionURIs" : [
      "spotify:artist:6KImCVD70vtIoJWnq6nGn3"
    ]
  },
  {
    "platform" : "",
    "searchTime" : "2025-08-03T07:25:12.260Z[UTC]",
    "searchQuery" : "ha",
    "searchInteractionURIs" : [
    ]
  },
  {
    "platform" : "",
    "searchTime" : "2025-08-03T07:25:12.343Z[UTC]",
    "searchQuery" : "ha",
    "searchInteractionURIs" : [
    ]
  },
  {
    "platform" : "",
    "searchTime" : "2025-08-03T07:25:12.511Z[UTC]",
    "searchQuery" : "h",
    "searchInteractionURIs" : [
    ]
  },
  {
    "platform" : "",
    "searchTime" : "2025-08-03T07:25:12.588Z[UTC]",
    "searchQuery" : "h",
    "searchInteractionURIs" : [
    ]
  },
  {
    "platform" : "IPHONE",
    "searchTime" : "2025-08-03T07:25:14.036Z[UTC]",
    "searchQuery" : "pok",
    "searchInteractionURIs" : [
      "spotify:track:5R8dQOPq8haW94K7mgERlO"
    ]
  },
  {
    "platform" : "IPHONE",
    "searchTime" : "2025-08-03T15:42:09.004Z[UTC]",
    "searchQuery" : "kpop",
    "searchInteractionURIs" : [
      "spotify:album:14JkAa6IiFaOh5s0nMyMU9"
    ]
  },
  {
    "platform" : "",
    "searchTime" : "2025-08-04T02:43:13.392Z[UTC]",
    "searchQuery" : "di",
    "searchInteractionURIs" : [
    ]
  },
  {
    "platform" : "",
    "searchTime" : "2025-08-04T02:43:13.476Z[UTC]",
    "searchQuery" : "di",
    "searchInteractionURIs" : [
    ]
  },
  {
    "platform" : "IPHONE",
    "searchTime" : "2025-08-04T02:43:14.822Z[UTC]",
    "searchQuery" : "dirty",
    "searchInteractionURIs" : [
      "spotify:track:4qtdab2DABnEokwupCl8lG",
      "spotify:track:6kBtuFVssWq2rORvq2ssXS",
      "spotify:artist:6YVMFz59CuY7ngCxTxjpxE"
    ]
  },
  {
    "platform" : "IPHONE",
    "searchTime" : "2025-08-04T02:47:30.486Z[UTC]",
    "searchQuery" : "ateez set",
    "searchInteractionURIs" : [
      "spotify:playlist:7FImLfeoZY3QCqBbBmpRR1"
    ]
  },
  {
    "platform" : "IPHONE",
    "searchTime" : "2025-08-04T02:50:05.574Z[UTC]",
    "searchQuery" : "ubwri",
    "searchInteractionURIs" : [
      "spotify:track:3U5JVgI2x4rDyHGObzJfNf"
    ]
  },
  {
    "platform" : "IPHONE",
    "searchTime" : "2025-08-04T18:26:31.175Z[UTC]",
    "searchQuery" : "sero",
    "searchInteractionURIs" : [
      "spotify:artist:7cjg7EkeZy3OI5o9Qthc6n"
    ]
  },
  {
    "platform" : "IPHONE",
    "searchTime" : "2025-08-04T19:10:44.145Z[UTC]",
    "searchQuery" : "hunt",
    "searchInteractionURIs" : [
      "spotify:artist:2yNNYQBChuox9A5Ka93BIn"
    ]
  },
  {
    "platform" : "",
    "searchTime" : "2025-08-04T19:57:13.613Z[UTC]",
    "searchQuery" : "hunt",
    "searchInteractionURIs" : [
    ]
  },
  {
    "platform" : "",
    "searchTime" : "2025-08-04T19:57:13.680Z[UTC]",
    "searchQuery" : "hunt",
    "searchInteractionURIs" : [
    ]
  },
  {
    "platform" : "",
    "searchTime" : "2025-08-04T20:02:17.186Z[UTC]",
    "searchQuery" : "hunt",
    "searchInteractionURIs" : [
    ]
  },
  {
    "platform" : "",
    "searchTime" : "2025-08-04T20:02:17.263Z[UTC]",
    "searchQuery" : "hunt",
    "searchInteractionURIs" : [
    ]
  },
  {
    "platform" : "",
    "searchTime" : "2025-08-04T22:54:36.082Z[UTC]",
    "searchQuery" : "hunt",
    "searchInteractionURIs" : [
    ]
  },
  {
    "platform" : "",
    "searchTime" : "2025-08-04T22:54:36.082Z[UTC]",
    "searchQuery" : "hunt",
    "searchInteractionURIs" : [
    ]
  },
  {
    "platform" : "",
    "searchTime" : "2025-08-04T22:54:36.147Z[UTC]",
    "searchQuery" : "hunt",
    "searchInteractionURIs" : [
    ]
  },
  {
    "platform" : "",
    "searchTime" : "2025-08-04T22:54:36.162Z[UTC]",
    "searchQuery" : "hunt",
    "searchInteractionURIs" : [
    ]
  },
  {
    "platform" : "IPHONE",
    "searchTime" : "2025-08-04T23:28:16.686Z[UTC]",
    "searchQuery" : "jum",
    "searchInteractionURIs" : [
      "spotify:track:5H1sKFMzDeMtXwND3V6hRY"
    ]
  },
  {
    "platform" : "IPHONE",
    "searchTime" : "2025-08-04T23:31:29.289Z[UTC]",
    "searchQuery" : "gol",
    "searchInteractionURIs" : [
      "spotify:track:1CPZ5BxNNd0n0nF4Orb9JS",
      "spotify:album:14JkAa6IiFaOh5s0nMyMU9"
    ]
  },
  {
    "platform" : "",
    "searchTime" : "2025-08-05T05:52:44.676Z[UTC]",
    "searchQuery" : "s",
    "searchInteractionURIs" : [
    ]
  },
  {
    "platform" : "",
    "searchTime" : "2025-08-05T05:52:44.741Z[UTC]",
    "searchQuery" : "s",
    "searchInteractionURIs" : [
    ]
  },
  {
    "platform" : "",
    "searchTime" : "2025-08-05T05:52:46.075Z[UTC]",
    "searchQuery" : "sventee",
    "searchInteractionURIs" : [
    ]
  },
  {
    "platform" : "",
    "searchTime" : "2025-08-05T05:52:46.127Z[UTC]",
    "searchQuery" : "sventee",
    "searchInteractionURIs" : [
    ]
  },
  {
    "platform" : "IPHONE",
    "searchTime" : "2025-08-05T05:52:46.521Z[UTC]",
    "searchQuery" : "sventeen",
    "searchInteractionURIs" : [
      "spotify:artist:7nqOGRxlXj7N2JYbgNEjYH"
    ]
  },
  {
    "platform" : "",
    "searchTime" : "2025-08-06T14:50:08.968Z[UTC]",
    "searchQuery" : "in b",
    "searchInteractionURIs" : [
    ]
  },
  {
    "platform" : "",
    "searchTime" : "2025-08-06T14:50:09.330Z[UTC]",
    "searchQuery" : "in b",
    "searchInteractionURIs" : [
    ]
  },
  {
    "platform" : "IPHONE",
    "searchTime" : "2025-08-06T14:50:09.565Z[UTC]",
    "searchQuery" : "in bl",
    "searchInteractionURIs" : [
      "spotify:track:3F4lHPNHlvr3RpO4tpVOIs",
      "spotify:track:3JnaRKReO6TFGEdhggFWZG"
    ]
  },
  {
    "platform" : "IPHONE_ARM64",
    "searchTime" : "2025-08-06T15:39:18.302Z[UTC]",
    "searchQuery" : "in bl",
    "searchInteractionURIs" : [
    ]
  },
  {
    "platform" : "WIN32_X86",
    "searchTime" : "2025-08-07T07:23:31.784Z[UTC]",
    "searchQuery" : "isrc:TCAGI2201685",
    "searchInteractionURIs" : [
    ]
  },
  {
    "platform" : "WIN32_X86",
    "searchTime" : "2025-08-07T07:23:31.803Z[UTC]",
    "searchQuery" : "isrc:TCADG1730574",
    "searchInteractionURIs" : [
    ]
  },
  {
    "platform" : "",
    "searchTime" : "2025-08-09T16:25:51.055Z[UTC]",
    "searchQuery" : "l",
    "searchInteractionURIs" : [
    ]
  },
  {
    "platform" : "IPHONE",
    "searchTime" : "2025-08-09T16:25:52.530Z[UTC]",
    "searchQuery" : "lizo",
    "searchInteractionURIs" : [
    ]
  },
  {
    "platform" : "IPHONE",
    "searchTime" : "2025-08-11T00:21:28.516Z[UTC]",
    "searchQuery" : "frie",
    "searchInteractionURIs" : [
      "spotify:show:0a0xJ3cGBDLtyp73kxJdTM"
    ]
  },
  {
    "platform" : "IPHONE",
    "searchTime" : "2025-08-11T13:44:01.621Z[UTC]",
    "searchQuery" : "get",
    "searchInteractionURIs" : [
      "spotify:playlist:4qGR0e9DhoaAJb5qK7bKIq"
    ]
  },
  {
    "platform" : "IPHONE",
    "searchTime" : "2025-08-11T15:05:19.611Z[UTC]",
    "searchQuery" : "wouldnt",
    "searchInteractionURIs" : [
      "spotify:track:0Di5p4ItolIUZB8c2P0pvs"
    ]
  },
  {
    "platform" : "",
    "searchTime" : "2025-08-11T15:15:46.113Z[UTC]",
    "searchQuery" : "wouldnt",
    "searchInteractionURIs" : [
    ]
  },
  {
    "platform" : "IPHONE",
    "searchTime" : "2025-08-11T18:27:34.631Z[UTC]",
    "searchQuery" : "escape ",
    "searchInteractionURIs" : [
      "spotify:playlist:05UbakOey3Wx9a44Ck2Lyd"
    ]
  },
  {
    "platform" : "IPHONE",
    "searchTime" : "2025-08-12T14:53:44.817Z[UTC]",
    "searchQuery" : "seventeen",
    "searchInteractionURIs" : [
      "spotify:playlist:37i9dQZF1DWXa2ShUct1Fm"
    ]
  },
  {
    "platform" : "IPHONE",
    "searchTime" : "2025-08-15T03:11:18.243Z[UTC]",
    "searchQuery" : "texas",
    "searchInteractionURIs" : [
    ]
  },
  {
    "platform" : "IPHONE",
    "searchTime" : "2025-08-15T03:11:55.677Z[UTC]",
    "searchQuery" : "texas",
    "searchInteractionURIs" : [
      "spotify:track:0Z7nGFVCLfixWctgePsRk9"
    ]
  },
  {
    "platform" : "IPHONE",
    "searchTime" : "2025-08-15T03:12:04.121Z[UTC]",
    "searchQuery" : "suave",
    "searchInteractionURIs" : [
    ]
  },
  {
    "platform" : "",
    "searchTime" : "2025-08-15T03:12:43.256Z[UTC]",
    "searchQuery" : "cr",
    "searchInteractionURIs" : [
    ]
  },
  {
    "platform" : "IPHONE",
    "searchTime" : "2025-08-15T03:12:44.181Z[UTC]",
    "searchQuery" : "crazy",
    "searchInteractionURIs" : [
      "spotify:track:7ACxUo21jtTHzy7ZEV56vU"
    ]
  },
  {
    "platform" : "IPHONE",
    "searchTime" : "2025-08-15T03:17:08.884Z[UTC]",
    "searchQuery" : "head in the ",
    "searchInteractionURIs" : [
      "spotify:search:head+in+the+game"
    ]
  },
  {
    "platform" : "IPHONE",
    "searchTime" : "2025-08-15T03:17:27.892Z[UTC]",
    "searchQuery" : "head in the game",
    "searchInteractionURIs" : [
      "spotify:track:3sT37kCEpxM1zQ8s98i7ps"
    ]
  },
  {
    "platform" : "IPHONE",
    "searchTime" : "2025-08-15T15:08:55.792Z[UTC]",
    "searchQuery" : "kai",
    "searchInteractionURIs" : [
      "spotify:artist:6iVo62B0bdTknRcrktCmak",
      "spotify:playlist:5o1SXvD4ec51v9nDIB5QHK"
    ]
  },
  {
    "platform" : "",
    "searchTime" : "2025-08-15T21:17:53.907Z[UTC]",
    "searchQuery" : "ze",
    "searchInteractionURIs" : [
    ]
  },
  {
    "platform" : "IPHONE",
    "searchTime" : "2025-08-15T21:17:55.214Z[UTC]",
    "searchQuery" : "zero",
    "searchInteractionURIs" : [
      "spotify:search:zerobaseone+all+songs"
    ]
  },
  {
    "platform" : "IPHONE",
    "searchTime" : "2025-08-15T21:17:56.296Z[UTC]",
    "searchQuery" : "zerobaseone all songs",
    "searchInteractionURIs" : [
      "spotify:playlist:3oxqLTCxaKgRC1yvUv0E8a"
    ]
  },
  {
    "platform" : "IPHONE",
    "searchTime" : "2025-08-16T00:43:40.449Z[UTC]",
    "searchQuery" : "shall",
    "searchInteractionURIs" : [
      "spotify:track:2VxeLyX666F8uXCJ0dZF8B",
      "spotify:track:6QfS2wq5sSC1xAJCQsTSlj"
    ]
  },
  {
    "platform" : "",
    "searchTime" : "2025-08-16T00:46:59.995Z[UTC]",
    "searchQuery" : "di",
    "searchInteractionURIs" : [
    ]
  },
  {
    "platform" : "IPHONE_ARM64",
    "searchTime" : "2025-08-16T00:47:00.931Z[UTC]",
    "searchQuery" : "die wit",
    "searchInteractionURIs" : [
    ]
  },
  {
    "platform" : "IPHONE",
    "searchTime" : "2025-08-16T00:47:01.100Z[UTC]",
    "searchQuery" : "die with",
    "searchInteractionURIs" : [
      "spotify:track:2plbrEY59IikOBgBGLjaoe"
    ]
  },
  {
    "platform" : "IPHONE",
    "searchTime" : "2025-08-16T03:08:58.049Z[UTC]",
    "searchQuery" : "sam hun",
    "searchInteractionURIs" : [
      "spotify:artist:2kucQ9jQwuD8jWdtR9Ef38"
    ]
  },
  {
    "platform" : "",
    "searchTime" : "2025-08-16T03:09:30.341Z[UTC]",
    "searchQuery" : "coun",
    "searchInteractionURIs" : [
    ]
  },
  {
    "platform" : "IPHONE",
    "searchTime" : "2025-08-16T03:09:30.991Z[UTC]",
    "searchQuery" : "countr",
    "searchInteractionURIs" : [
      "spotify:playlist:37i9dQZF1EQmPV0vrce2QZ"
    ]
  },
  {
    "platform" : "",
    "searchTime" : "2025-08-16T03:24:38.948Z[UTC]",
    "searchQuery" : "fan",
    "searchInteractionURIs" : [
    ]
  },
  {
    "platform" : "IPHONE",
    "searchTime" : "2025-08-16T03:24:44.816Z[UTC]",
    "searchQuery" : "gang gan",
    "searchInteractionURIs" : [
      "spotify:track:05LySLBjyDruvbSPL3K7Gb"
    ]
  },
  {
    "platform" : "",
    "searchTime" : "2025-08-16T03:37:07.387Z[UTC]",
    "searchQuery" : "can you",
    "searchInteractionURIs" : [
    ]
  },
  {
    "platform" : "",
    "searchTime" : "2025-08-16T03:37:07.872Z[UTC]",
    "searchQuery" : "can you ra",
    "searchInteractionURIs" : [
    ]
  },
  {
    "platform" : "IPHONE",
    "searchTime" : "2025-08-16T03:37:08.481Z[UTC]",
    "searchQuery" : "can you rap ",
    "searchInteractionURIs" : [
      "spotify:track:1FQ73aHLwOMaRkhbB0sb8t"
    ]
  },
  {
    "platform" : "IPHONE",
    "searchTime" : "2025-08-16T03:38:16.434Z[UTC]",
    "searchQuery" : "hoecake",
    "searchInteractionURIs" : [
      "spotify:track:4b82tXj35SycILuILcgBQ6"
    ]
  },
  {
    "platform" : "",
    "searchTime" : "2025-08-16T04:01:20.817Z[UTC]",
    "searchQuery" : "t",
    "searchInteractionURIs" : [
    ]
  },
  {
    "platform" : "IPHONE",
    "searchTime" : "2025-08-16T04:01:22.017Z[UTC]",
    "searchQuery" : "taylor",
    "searchInteractionURIs" : [
      "spotify:artist:06HL4z0CvFAxyc27GXpf02"
    ]
  },
  {
    "platform" : "",
    "searchTime" : "2025-08-16T04:10:42.713Z[UTC]",
    "searchQuery" : "taylor",
    "searchInteractionURIs" : [
    ]
  },
  {
    "platform" : "IPHONE",
    "searchTime" : "2025-08-19T15:10:15.885Z[UTC]",
    "searchQuery" : "bts",
    "searchInteractionURIs" : [
      "spotify:playlist:37i9dQZF1DX08mhnhv6g9b",
      "spotify:playlist:1rHvaulXiXbmGewnWKVxFf"
    ]
  },
  {
    "platform" : "",
    "searchTime" : "2025-08-20T00:38:56.531Z[UTC]",
    "searchQuery" : "h",
    "searchInteractionURIs" : [
    ]
  },
  {
    "platform" : "IPHONE",
    "searchTime" : "2025-08-20T00:38:57.357Z[UTC]",
    "searchQuery" : "happy",
    "searchInteractionURIs" : [
      "spotify:show:5hHe6PfqDk2GJ1mgOngNHP"
    ]
  },
  {
    "platform" : "",
    "searchTime" : "2025-08-23T04:28:14.866Z[UTC]",
    "searchQuery" : "gn",
    "searchInteractionURIs" : [
    ]
  },
  {
    "platform" : "IPHONE",
    "searchTime" : "2025-08-23T04:28:15.927Z[UTC]",
    "searchQuery" : "gnarl",
    "searchInteractionURIs" : [
      "spotify:track:1j15Ar0qGDzIR0v3CQv3JL"
    ]
  },
  {
    "platform" : "IPHONE",
    "searchTime" : "2025-08-23T20:09:31.382Z[UTC]",
    "searchQuery" : "arspa",
    "searchInteractionURIs" : [
      "spotify:artist:6YVMFz59CuY7ngCxTxjpxE",
      "spotify:playlist:6c20nHduN0UEKlOjOmWB70"
    ]
  },
  {
    "platform" : "",
    "searchTime" : "2025-08-23T20:13:33.877Z[UTC]",
    "searchQuery" : "coun",
    "searchInteractionURIs" : [
    ]
  },
  {
    "platform" : "IPHONE",
    "searchTime" : "2025-08-23T20:13:34.868Z[UTC]",
    "searchQuery" : "country",
    "searchInteractionURIs" : [
      "spotify:genre:0JQ5DAqbMKFKLfwjuJMoNC",
      "spotify:playlist:37i9dQZF1EQmPV0vrce2QZ",
      "spotify:playlist:02t75h5hsNOw4VlC1Qad9Z"
    ]
  },
  {
    "platform" : "IPHONE",
    "searchTime" : "2025-08-23T20:16:03.094Z[UTC]",
    "searchQuery" : "twice",
    "searchInteractionURIs" : [
      "spotify:artist:7n2Ycct7Beij7Dj7meI4X0"
    ]
  },
  {
    "platform" : "",
    "searchTime" : "2025-08-23T20:17:39.144Z[UTC]",
    "searchQuery" : "wi",
    "searchInteractionURIs" : [
    ]
  },
  {
    "platform" : "IPHONE",
    "searchTime" : "2025-08-23T20:17:40.364Z[UTC]",
    "searchQuery" : "wicked",
    "searchInteractionURIs" : [
      "spotify:search:wicked%3A+the+soundtrack",
      "spotify:album:3JUrJP460nFIqwjxM19slT",
      "spotify:track:4mxj6SQ7BxfQ90CBTbxcwH",
      "spotify:album:1woCvthHJakakroP6dXNxs",
      "spotify:album:1woCvthHJakakroP6dXNxs",
      "spotify:album:1woCvthHJakakroP6dXNxs"
    ]
  },
  {
    "platform" : "IPHONE",
    "searchTime" : "2025-08-23T20:26:33.738Z[UTC]",
    "searchQuery" : "wicked: the soundtrack",
    "searchInteractionURIs" : [
      "spotify:album:1woCvthHJakakroP6dXNxs",
      "spotify:playlist:65C2JB6RukgVYGaUOteZVA"
    ]
  },
  {
    "platform" : "IPHONE",
    "searchTime" : "2025-08-23T20:26:50.644Z[UTC]",
    "searchQuery" : "wicked: the soundtrack",
    "searchInteractionURIs" : [
      "spotify:track:57Pk2GU0ABFYBbbcgYxqki"
    ]
  },
  {
    "platform" : "IPHONE",
    "searchTime" : "2025-08-23T20:27:07.960Z[UTC]",
    "searchQuery" : "wicked ori",
    "searchInteractionURIs" : [
      "spotify:album:1woCvthHJakakroP6dXNxs",
      "spotify:playlist:65C2JB6RukgVYGaUOteZVA"
    ]
  },
  {
    "platform" : "IPHONE",
    "searchTime" : "2025-08-23T20:27:24.830Z[UTC]",
    "searchQuery" : "kristi",
    "searchInteractionURIs" : [
      "spotify:artist:3DgcBA7P0ji5co7Z1Gfp2Q"
    ]
  },
  {
    "platform" : "IPHONE",
    "searchTime" : "2025-08-25T03:39:14.399Z[UTC]",
    "searchQuery" : "sunrisr",
    "searchInteractionURIs" : [
      "spotify:show:7uhOXGHcwDAd5WeAT4UOK5",
      "spotify:show:7uhOXGHcwDAd5WeAT4UOK5"
    ]
  },
  {
    "platform" : "IPHONE",
    "searchTime" : "2025-08-25T03:39:46.645Z[UTC]",
    "searchQuery" : "happy",
    "searchInteractionURIs" : [
    ]
  },
  {
    "platform" : "IPHONE",
    "searchTime" : "2025-08-25T03:39:56.653Z[UTC]",
    "searchQuery" : "suzanne collins",
    "searchInteractionURIs" : [
      "spotify:show:7uhOXGHcwDAd5WeAT4UOK5",
      "spotify:show:1FxukjqrFygHwaWIwGnxoH",
      "spotify:show:7r556qBSQ8LTLddVQsx8IH",
      "spotify:show:6Y42UfRtnGxzw7B4wNACMU"
    ]
  },
  {
    "platform" : "IPHONE",
    "searchTime" : "2025-08-25T03:40:14.130Z[UTC]",
    "searchQuery" : "hap",
    "searchInteractionURIs" : [
    ]
  },
  {
    "platform" : "",
    "searchTime" : "2025-08-25T03:40:14.289Z[UTC]",
    "searchQuery" : "happ",
    "searchInteractionURIs" : [
    ]
  },
  {
    "platform" : "",
    "searchTime" : "2025-08-25T03:40:14.875Z[UTC]",
    "searchQuery" : "ha",
    "searchInteractionURIs" : [
    ]
  },
  {
    "platform" : "",
    "searchTime" : "2025-08-25T03:40:14.951Z[UTC]",
    "searchQuery" : "h",
    "searchInteractionURIs" : [
    ]
  },
  {
    "platform" : "",
    "searchTime" : "2025-08-25T03:40:16.126Z[UTC]",
    "searchQuery" : "emil",
    "searchInteractionURIs" : [
    ]
  },
  {
    "platform" : "IPHONE",
    "searchTime" : "2025-08-25T03:40:17.355Z[UTC]",
    "searchQuery" : "emily ",
    "searchInteractionURIs" : [
      "spotify:author:19hJNeqYvkKRRkPJDmEkyO"
    ]
  },
  {
    "platform" : "IPHONE",
    "searchTime" : "2025-08-27T02:21:38.995Z[UTC]",
    "searchQuery" : "k/da",
    "searchInteractionURIs" : [
      "spotify:track:5sbooPcNgIE22DwO0VNGUJ"
    ]
  },
  {
    "platform" : "IPHONE",
    "searchTime" : "2025-08-27T02:22:14.165Z[UTC]",
    "searchQuery" : "madison ",
    "searchInteractionURIs" : [
      "spotify:artist:2kRfqPViCqYdSGhYSM9R0Q"
    ]
  },
  {
    "platform" : "",
    "searchTime" : "2025-08-29T04:01:43.656Z[UTC]",
    "searchQuery" : "be",
    "searchInteractionURIs" : [
    ]
  },
  {
    "platform" : "",
    "searchTime" : "2025-08-29T04:01:43.662Z[UTC]",
    "searchQuery" : "bel",
    "searchInteractionURIs" : [
    ]
  },
  {
    "platform" : "",
    "searchTime" : "2025-08-29T04:01:43.666Z[UTC]",
    "searchQuery" : "b",
    "searchInteractionURIs" : [
    ]
  },
  {
    "platform" : "IPHONE_ARM64",
    "searchTime" : "2025-08-29T04:01:44.040Z[UTC]",
    "searchQuery" : "belt",
    "searchInteractionURIs" : [
    ]
  },
  {
    "platform" : "IPHONE",
    "searchTime" : "2025-08-29T04:01:44.385Z[UTC]",
    "searchQuery" : "belting",
    "searchInteractionURIs" : [
      "spotify:playlist:5iOYQhk8g9AVYXSKlmzpFH"
    ]
  },
  {
    "platform" : "",
    "searchTime" : "2025-08-30T02:14:55.479Z[UTC]",
    "searchQuery" : "e",
    "searchInteractionURIs" : [
    ]
  },
  {
    "platform" : "",
    "searchTime" : "2025-08-30T02:14:55.482Z[UTC]",
    "searchQuery" : "et",
    "searchInteractionURIs" : [
    ]
  },
  {
    "platform" : "",
    "searchTime" : "2025-08-30T02:14:55.496Z[UTC]",
    "searchQuery" : "ete",
    "searchInteractionURIs" : [
    ]
  },
  {
    "platform" : "",
    "searchTime" : "2025-08-30T02:14:55.609Z[UTC]",
    "searchQuery" : "etern",
    "searchInteractionURIs" : [
    ]
  },
  {
    "platform" : "IPHONE",
    "searchTime" : "2025-08-30T02:14:56.358Z[UTC]",
    "searchQuery" : "eternal",
    "searchInteractionURIs" : [
      "spotify:album:6cbwstHlsAIIWurIIXXBPd"
    ]
  },
  {
    "platform" : "",
    "searchTime" : "2025-08-30T18:39:22.981Z[UTC]",
    "searchQuery" : "count",
    "searchInteractionURIs" : [
    ]
  },
  {
    "platform" : "",
    "searchTime" : "2025-08-30T18:39:22.996Z[UTC]",
    "searchQuery" : "countr",
    "searchInteractionURIs" : [
    ]
  },
  {
    "platform" : "",
    "searchTime" : "2025-08-30T18:39:23.051Z[UTC]",
    "searchQuery" : "c",
    "searchInteractionURIs" : [
    ]
  },
  {
    "platform" : "",
    "searchTime" : "2025-08-30T18:39:23.395Z[UTC]",
    "searchQuery" : "coun",
    "searchInteractionURIs" : [
    ]
  },
  {
    "platform" : "IPHONE_ARM64",
    "searchTime" : "2025-08-30T18:39:23.706Z[UTC]",
    "searchQuery" : "cou",
    "searchInteractionURIs" : [
    ]
  },
  {
    "platform" : "IPHONE",
    "searchTime" : "2025-08-30T18:39:23.885Z[UTC]",
    "searchQuery" : "country",
    "searchInteractionURIs" : [
      "spotify:playlist:7lQu0IRGR1qTjWYdZbbKXE"
    ]
  },
  {
    "platform" : "IPHONE",
    "searchTime" : "2025-08-30T19:03:44.572Z[UTC]",
    "searchQuery" : "morgan",
    "searchInteractionURIs" : [
      "spotify:artist:4oUHIQIBe0LHzYfvXNW4QM",
      "spotify:playlist:37i9dQZF1DZ06evO2zJOi2"
    ]
  },
  {
    "platform" : "IPHONE_ARM64",
    "searchTime" : "2025-08-30T20:11:31.595Z[UTC]",
    "searchQuery" : "morgan",
    "searchInteractionURIs" : [
    ]
  },
  {
    "platform" : "IPHONE",
    "searchTime" : "2025-09-01T03:27:22.039Z[UTC]",
    "searchQuery" : "soda",
    "searchInteractionURIs" : [
      "spotify:album:14JkAa6IiFaOh5s0nMyMU9"
    ]
  },
  {
    "platform" : "IPHONE",
    "searchTime" : "2025-09-06T01:49:11.708Z[UTC]",
    "searchQuery" : "good mo",
    "searchInteractionURIs" : [
      "spotify:track:0XoVXIggK81o9urLqFc161"
    ]
  },
  {
    "platform" : "",
    "searchTime" : "2025-09-06T17:12:49.639Z[UTC]",
    "searchQuery" : "ze",
    "searchInteractionURIs" : [
    ]
  },
  {
    "platform" : "IPHONE",
    "searchTime" : "2025-09-06T17:12:50.322Z[UTC]",
    "searchQuery" : "zero",
    "searchInteractionURIs" : [
      "spotify:artist:7cjg7EkeZy3OI5o9Qthc6n"
    ]
  },
  {
    "platform" : "",
    "searchTime" : "2025-09-06T17:14:05.556Z[UTC]",
    "searchQuery" : "nc",
    "searchInteractionURIs" : [
    ]
  },
  {
    "platform" : "IPHONE",
    "searchTime" : "2025-09-06T17:14:06.034Z[UTC]",
    "searchQuery" : "nct",
    "searchInteractionURIs" : [
      "spotify:artist:7f4ignuCJhLXfZ9giKT7rH"
    ]
  },
  {
    "platform" : "IPHONE",
    "searchTime" : "2025-09-06T17:14:31.210Z[UTC]",
    "searchQuery" : "talk sa",
    "searchInteractionURIs" : [
      "spotify:track:2cEwQnP4284g37N6D7ETND"
    ]
  },
  {
    "platform" : "",
    "searchTime" : "2025-09-06T17:50:06.488Z[UTC]",
    "searchQuery" : "cre",
    "searchInteractionURIs" : [
    ]
  },
  {
    "platform" : "IPHONE_ARM64",
    "searchTime" : "2025-09-06T17:50:06.761Z[UTC]",
    "searchQuery" : "cr",
    "searchInteractionURIs" : [
    ]
  },
  {
    "platform" : "IPHONE",
    "searchTime" : "2025-09-06T17:50:06.926Z[UTC]",
    "searchQuery" : "creed",
    "searchInteractionURIs" : [
      "spotify:track:2vhT1g99dOFuh1EFv1fiGE"
    ]
  },
  {
    "platform" : "",
    "searchTime" : "2025-09-06T22:38:49.356Z[UTC]",
    "searchQuery" : "e",
    "searchInteractionURIs" : [
    ]
  },
  {
    "platform" : "",
    "searchTime" : "2025-09-06T22:38:56.955Z[UTC]",
    "searchQuery" : "el ",
    "searchInteractionURIs" : [
    ]
  },
  {
    "platform" : "",
    "searchTime" : "2025-09-06T22:38:56.962Z[UTC]",
    "searchQuery" : "el may",
    "searchInteractionURIs" : [
    ]
  },
  {
    "platform" : "",
    "searchTime" : "2025-09-06T22:38:56.963Z[UTC]",
    "searchQuery" : "el mayor",
    "searchInteractionURIs" : [
    ]
  },
  {
    "platform" : "",
    "searchTime" : "2025-09-06T22:38:56.963Z[UTC]",
    "searchQuery" : "el mayor de ",
    "searchInteractionURIs" : [
    ]
  },
  {
    "platform" : "",
    "searchTime" : "2025-09-06T22:38:56.964Z[UTC]",
    "searchQuery" : "el",
    "searchInteractionURIs" : [
    ]
  },
  {
    "platform" : "",
    "searchTime" : "2025-09-06T22:38:56.964Z[UTC]",
    "searchQuery" : "el mayor de",
    "searchInteractionURIs" : [
    ]
  },
  {
    "platform" : "",
    "searchTime" : "2025-09-06T22:38:56.964Z[UTC]",
    "searchQuery" : "el mayor de las",
    "searchInteractionURIs" : [
    ]
  },
  {
    "platform" : "",
    "searchTime" : "2025-09-06T22:38:56.966Z[UTC]",
    "searchQuery" : "e",
    "searchInteractionURIs" : [
    ]
  },
  {
    "platform" : "",
    "searchTime" : "2025-09-06T22:38:56.966Z[UTC]",
    "searchQuery" : "el mayor de la",
    "searchInteractionURIs" : [
    ]
  },
  {
    "platform" : "",
    "searchTime" : "2025-09-06T22:38:56.967Z[UTC]",
    "searchQuery" : "el mayor ",
    "searchInteractionURIs" : [
    ]
  },
  {
    "platform" : "",
    "searchTime" : "2025-09-06T22:38:56.968Z[UTC]",
    "searchQuery" : "el mayor d",
    "searchInteractionURIs" : [
    ]
  },
  {
    "platform" : "",
    "searchTime" : "2025-09-06T22:38:56.969Z[UTC]",
    "searchQuery" : "el mayor de l",
    "searchInteractionURIs" : [
    ]
  },
  {
    "platform" : "",
    "searchTime" : "2025-09-06T22:38:56.970Z[UTC]",
    "searchQuery" : "el mayor de las r",
    "searchInteractionURIs" : [
    ]
  },
  {
    "platform" : "",
    "searchTime" : "2025-09-06T22:38:56.971Z[UTC]",
    "searchQuery" : "el mayor de las ",
    "searchInteractionURIs" : [
    ]
  },
  {
    "platform" : "",
    "searchTime" : "2025-09-06T22:38:56.981Z[UTC]",
    "searchQuery" : "el mayo",
    "searchInteractionURIs" : [
    ]
  },
  {
    "platform" : "",
    "searchTime" : "2025-09-06T22:38:56.984Z[UTC]",
    "searchQuery" : "el mayor de las ra",
    "searchInteractionURIs" : [
    ]
  },
  {
    "platform" : "",
    "searchTime" : "2025-09-06T22:38:56.989Z[UTC]",
    "searchQuery" : "el ma",
    "searchInteractionURIs" : [
    ]
  },
  {
    "platform" : "",
    "searchTime" : "2025-09-06T22:38:57.036Z[UTC]",
    "searchQuery" : "el mayor de las rana",
    "searchInteractionURIs" : [
    ]
  },
  {
    "platform" : "",
    "searchTime" : "2025-09-06T22:38:57.068Z[UTC]",
    "searchQuery" : "el mayor de las ran",
    "searchInteractionURIs" : [
    ]
  },
  {
    "platform" : "IPHONE",
    "searchTime" : "2025-09-06T22:38:59.057Z[UTC]",
    "searchQuery" : "el mayor de las ranas",
    "searchInteractionURIs" : [
      "spotify:track:5E3T0hZ77NXXUtXJocRIOc"
    ]
  },
  {
    "platform" : "IPHONE",
    "searchTime" : "2025-09-07T05:19:51.924Z[UTC]",
    "searchQuery" : "seventeen",
    "searchInteractionURIs" : [
      "spotify:artist:7nqOGRxlXj7N2JYbgNEjYH",
      "spotify:playlist:37i9dQZF1DWXa2ShUct1Fm"
    ]
  },
  {
    "platform" : "",
    "searchTime" : "2025-09-11T22:23:33.473Z[UTC]",
    "searchQuery" : "body",
    "searchInteractionURIs" : [
    ]
  },
  {
    "platform" : "WIN32_X86_64",
    "searchTime" : "2025-09-11T22:23:33.985Z[UTC]",
    "searchQuery" : "body",
    "searchInteractionURIs" : [
    ]
  },
  {
    "platform" : "",
    "searchTime" : "2025-09-11T22:27:48.720Z[UTC]",
    "searchQuery" : "bad ",
    "searchInteractionURIs" : [
    ]
  },
  {
    "platform" : "",
    "searchTime" : "2025-09-11T22:27:48.978Z[UTC]",
    "searchQuery" : "bad ",
    "searchInteractionURIs" : [
    ]
  },
  {
    "platform" : "",
    "searchTime" : "2025-09-11T22:27:49.154Z[UTC]",
    "searchQuery" : "bad b",
    "searchInteractionURIs" : [
    ]
  },
  {
    "platform" : "",
    "searchTime" : "2025-09-11T22:27:49.419Z[UTC]",
    "searchQuery" : "bad b",
    "searchInteractionURIs" : [
    ]
  },
  {
    "platform" : "",
    "searchTime" : "2025-09-11T22:27:49.737Z[UTC]",
    "searchQuery" : "bad bitch",
    "searchInteractionURIs" : [
    ]
  },
  {
    "platform" : "",
    "searchTime" : "2025-09-11T22:27:49.968Z[UTC]",
    "searchQuery" : "bad bitch",
    "searchInteractionURIs" : [
    ]
  },
  {
    "platform" : "",
    "searchTime" : "2025-09-11T22:28:40.465Z[UTC]",
    "searchQuery" : "ass shaking ",
    "searchInteractionURIs" : [
    ]
  },
  {
    "platform" : "",
    "searchTime" : "2025-09-11T22:28:40.842Z[UTC]",
    "searchQuery" : "ass shaking ",
    "searchInteractionURIs" : [
    ]
  },
  {
    "platform" : "",
    "searchTime" : "2025-09-11T22:30:00.347Z[UTC]",
    "searchQuery" : "ass shaki",
    "searchInteractionURIs" : [
    ]
  },
  {
    "platform" : "",
    "searchTime" : "2025-09-11T22:30:00.589Z[UTC]",
    "searchQuery" : "ass shaki",
    "searchInteractionURIs" : [
    ]
  },
  {
    "platform" : "",
    "searchTime" : "2025-09-11T22:30:00.679Z[UTC]",
    "searchQuery" : "ass shaking",
    "searchInteractionURIs" : [
    ]
  },
  {
    "platform" : "",
    "searchTime" : "2025-09-11T22:30:00.966Z[UTC]",
    "searchQuery" : "ass shaking",
    "searchInteractionURIs" : [
    ]
  },
  {
    "platform" : "",
    "searchTime" : "2025-09-11T22:30:05.147Z[UTC]",
    "searchQuery" : "ass shaking music",
    "searchInteractionURIs" : [
    ]
  },
  {
    "platform" : "",
    "searchTime" : "2025-09-11T22:30:05.469Z[UTC]",
    "searchQuery" : "ass shaking music",
    "searchInteractionURIs" : [
    ]
  },
  {
    "platform" : "IPHONE",
    "searchTime" : "2025-09-16T04:28:21.191Z[UTC]",
    "searchQuery" : "hamil",
    "searchInteractionURIs" : [
      "spotify:album:1kCHru7uhxBUdzkm4gzRQc"
    ]
  },
  {
    "platform" : "IPHONE",
    "searchTime" : "2025-09-21T06:01:13.781Z[UTC]",
    "searchQuery" : "say no t",
    "searchInteractionURIs" : [
      "spotify:track:3s9itRgJYcKhem01P17865"
    ]
  },
  {
    "platform" : "IPHONE",
    "searchTime" : "2025-09-23T15:21:16.323Z[UTC]",
    "searchQuery" : "wic",
    "searchInteractionURIs" : [
      "spotify:album:2MWo0RliwlkObUN13r5ITR"
    ]
  },
  {
    "platform" : "IPHONE",
    "searchTime" : "2025-09-25T15:42:25.211Z[UTC]",
    "searchQuery" : "belt",
    "searchInteractionURIs" : [
      "spotify:playlist:5iOYQhk8g9AVYXSKlmzpFH"
    ]
  },
  {
    "platform" : "",
    "searchTime" : "2025-09-28T05:52:42.999Z[UTC]",
    "searchQuery" : "christ",
    "searchInteractionURIs" : [
    ]
  },
  {
    "platform" : "",
    "searchTime" : "2025-09-28T05:52:43.003Z[UTC]",
    "searchQuery" : "christi",
    "searchInteractionURIs" : [
    ]
  },
  {
    "platform" : "IPHONE",
    "searchTime" : "2025-09-28T05:52:45.822Z[UTC]",
    "searchQuery" : "christina perry",
    "searchInteractionURIs" : [
    ]
  },
  {
    "platform" : "IPHONE",
    "searchTime" : "2025-09-28T20:18:23.511Z[UTC]",
    "searchQuery" : "happy ",
    "searchInteractionURIs" : [
      "spotify:show:5hHe6PfqDk2GJ1mgOngNHP"
    ]
  },
  {
    "platform" : "",
    "searchTime" : "2025-09-30T14:54:55.612Z[UTC]",
    "searchQuery" : "h",
    "searchInteractionURIs" : [
    ]
  },
  {
    "platform" : "",
    "searchTime" : "2025-09-30T14:54:55.618Z[UTC]",
    "searchQuery" : "hap",
    "searchInteractionURIs" : [
    ]
  },
  {
    "platform" : "IPHONE",
    "searchTime" : "2025-09-30T14:54:56.297Z[UTC]",
    "searchQuery" : "happ",
    "searchInteractionURIs" : [
      "spotify:show:5hHe6PfqDk2GJ1mgOngNHP",
      "spotify:playlist:37i9dQZF1EVJSvZp5AOML2"
    ]
  },
  {
    "platform" : "",
    "searchTime" : "2025-09-30T16:01:59.035Z[UTC]",
    "searchQuery" : "taps",
    "searchInteractionURIs" : [
    ]
  },
  {
    "platform" : "",
    "searchTime" : "2025-09-30T16:01:59.351Z[UTC]",
    "searchQuery" : "taps",
    "searchInteractionURIs" : [
    ]
  },
  {
    "platform" : "",
    "searchTime" : "2025-10-01T19:31:10.236Z[UTC]",
    "searchQuery" : "da",
    "searchInteractionURIs" : [
    ]
  },
  {
    "platform" : "IPHONE",
    "searchTime" : "2025-10-01T19:31:10.971Z[UTC]",
    "searchQuery" : "dayd",
    "searchInteractionURIs" : [
      "spotify:show:7y99QmFyjLZXCeA4Sq0UX1"
    ]
  },
  {
    "platform" : "IPHONE",
    "searchTime" : "2025-10-03T15:14:35.263Z[UTC]",
    "searchQuery" : "tay",
    "searchInteractionURIs" : [
      "spotify:album:1W57oNaAkGObOQKBTxg4e9",
      "spotify:album:4a6NzYL1YHRUgx9e3YZI6I"
    ]
  },
  {
    "platform" : "",
    "searchTime" : "2025-10-05T20:43:06.153Z[UTC]",
    "searchQuery" : "shak",
    "searchInteractionURIs" : [
    ]
  },
  {
    "platform" : "IPHONE",
    "searchTime" : "2025-10-05T20:43:07.060Z[UTC]",
    "searchQuery" : "shake ",
    "searchInteractionURIs" : [
      "spotify:track:1jRzdY7oUBOhrylNtiMtBD"
    ]
  },
  {
    "platform" : "IPHONE",
    "searchTime" : "2025-10-07T04:04:49.165Z[UTC]",
    "searchQuery" : "seventeen",
    "searchInteractionURIs" : [
      "spotify:playlist:74Mjmz7HoH5FKNI994z4Hh"
    ]
  }
]