[
  {
    "endTime" : "2024-10-29 04:56",
    "podcastName" : "Disney Stars - Send It On",
    "episodeName" : "Disney Stars - Send It On",
    "msPlayed" : 160719
  },
  {
    "endTime" : "2024-10-29 15:08",
    "podcastName" : "Disney Stars - Send It On",
    "episodeName" : "Disney Stars - Send It On",
    "msPlayed" : 239963
  },
  {
    "endTime" : "2025-01-13 01:01",
    "podcastName" : "The Audible Odyssey",
    "episodeName" : "It Ends With us (Chapter 1-7)",
    "msPlayed" : 8945
  },
  {
    "endTime" : "2025-03-08 03:27",
    "podcastName" : "LADbible Entertainment",
    "episodeName" : "Ariana Grande & Cynthia Erivo Argue Over The Internet's Biggest Debates | Agree to Disagree",
    "msPlayed" : 3702
  }
]