[
  {
    "endTime" : "2024-10-16 01:52",
    "audiobookName" : "Crying in H Mart",
    "chapterName" : "Chapter 7: Medicine",
    "authorName" : "Michelle Zauner",
    "msPlayed" : 3541
  },
  {
    "endTime" : "2024-11-25 04:01",
    "audiobookName" : "Crying in H Mart",
    "chapterName" : "Chapter 7: Medicine",
    "authorName" : "Michelle Zauner",
    "msPlayed" : 877801
  },
  {
    "endTime" : "2024-11-25 04:20",
    "audiobookName" : "Crying in H Mart",
    "chapterName" : "Chapter 8: Unni",
    "authorName" : "Michelle Zauner",
    "msPlayed" : 1075420
  },
  {
    "endTime" : "2024-11-27 01:52",
    "audiobookName" : "Crying in H Mart",
    "chapterName" : "Chapter 9: Where Are We Going?",
    "authorName" : "Michelle Zauner",
    "msPlayed" : 1289
  },
  {
    "endTime" : "2024-11-27 03:19",
    "audiobookName" : "Crying in H Mart",
    "chapterName" : "Chapter 9: Where Are We Going?",
    "authorName" : "Michelle Zauner",
    "msPlayed" : 4053
  },
  {
    "endTime" : "2024-11-30 06:12",
    "audiobookName" : "Crying in H Mart",
    "chapterName" : "Chapter 9: Where Are We Going?",
    "authorName" : "Michelle Zauner",
    "msPlayed" : 683668
  },
  {
    "endTime" : "2024-11-30 06:23",
    "audiobookName" : "Crying in H Mart",
    "chapterName" : "Chapter 10: Living and Dying",
    "authorName" : "Michelle Zauner",
    "msPlayed" : 662954
  },
  {
    "endTime" : "2024-11-30 20:09",
    "audiobookName" : "Crying in H Mart",
    "chapterName" : "Chapter 11: What Procellous Awesomeness Does Not in You Abound?",
    "authorName" : "Michelle Zauner",
    "msPlayed" : 4313
  },
  {
    "endTime" : "2024-12-12 04:39",
    "audiobookName" : "Crying in H Mart",
    "chapterName" : "Chapter 11: What Procellous Awesomeness Does Not in You Abound?",
    "authorName" : "Michelle Zauner",
    "msPlayed" : 939751
  },
  {
    "endTime" : "2024-12-12 04:42",
    "audiobookName" : "Crying in H Mart",
    "chapterName" : "Chapter 12: Law and Order",
    "authorName" : "Michelle Zauner",
    "msPlayed" : 220576
  },
  {
    "endTime" : "2024-12-12 04:52",
    "audiobookName" : "Crying in H Mart",
    "chapterName" : "Chapter 13: A Heavy Hand",
    "authorName" : "Michelle Zauner",
    "msPlayed" : 544742
  },
  {
    "endTime" : "2024-12-12 05:05",
    "audiobookName" : "Crying in H Mart",
    "chapterName" : "Chapter 14: Lovely",
    "authorName" : "Michelle Zauner",
    "msPlayed" : 751641
  },
  {
    "endTime" : "2024-12-12 16:00",
    "audiobookName" : "Crying in H Mart",
    "chapterName" : "Chapter 15: My Heart Will Go On",
    "authorName" : "Michelle Zauner",
    "msPlayed" : 281459
  },
  {
    "endTime" : "2024-12-12 16:13",
    "audiobookName" : "Crying in H Mart",
    "chapterName" : "Chapter 15: My Heart Will Go On",
    "authorName" : "Michelle Zauner",
    "msPlayed" : 493988
  },
  {
    "endTime" : "2024-12-12 16:24",
    "audiobookName" : "Crying in H Mart",
    "chapterName" : "Chapter 16: Jatjuk",
    "authorName" : "Michelle Zauner",
    "msPlayed" : 623563
  },
  {
    "endTime" : "2024-12-12 16:40",
    "audiobookName" : "Crying in H Mart",
    "chapterName" : "Chapter 17: Little Axe",
    "authorName" : "Michelle Zauner",
    "msPlayed" : 1000245
  },
  {
    "endTime" : "2024-12-12 16:41",
    "audiobookName" : "Crying in H Mart",
    "chapterName" : "Chapter 18: Maangchi and Me",
    "authorName" : "Michelle Zauner",
    "msPlayed" : 21055
  },
  {
    "endTime" : "2024-12-13 00:34",
    "audiobookName" : "Crying in H Mart",
    "chapterName" : "Chapter 18: Maangchi and Me",
    "authorName" : "Michelle Zauner",
    "msPlayed" : 764251
  },
  {
    "endTime" : "2024-12-13 00:45",
    "audiobookName" : "Crying in H Mart",
    "chapterName" : "Chapter 19: Kimchi Fridge",
    "authorName" : "Michelle Zauner",
    "msPlayed" : 680718
  },
  {
    "endTime" : "2024-12-13 01:03",
    "audiobookName" : "Crying in H Mart",
    "chapterName" : "Chapter 20: Coffee Hanjan",
    "authorName" : "Michelle Zauner",
    "msPlayed" : 726926
  },
  {
    "endTime" : "2024-12-13 01:05",
    "audiobookName" : "Crying in H Mart",
    "chapterName" : "Acknowledgments",
    "authorName" : "Michelle Zauner",
    "msPlayed" : 962
  },
  {
    "endTime" : "2024-12-17 06:49",
    "audiobookName" : "The It Girl",
    "chapterName" : "Opening Credits",
    "authorName" : "Ruth Ware",
    "msPlayed" : 28650
  },
  {
    "endTime" : "2024-12-17 06:51",
    "audiobookName" : "The It Girl",
    "chapterName" : "Before",
    "authorName" : "Ruth Ware",
    "msPlayed" : 117436
  },
  {
    "endTime" : "2024-12-17 06:56",
    "audiobookName" : "The It Girl",
    "chapterName" : "After",
    "authorName" : "Ruth Ware",
    "msPlayed" : 303427
  },
  {
    "endTime" : "2024-12-17 07:24",
    "audiobookName" : "The It Girl",
    "chapterName" : "Before",
    "authorName" : "Ruth Ware",
    "msPlayed" : 748745
  },
  {
    "endTime" : "2024-12-17 15:14",
    "audiobookName" : "The It Girl",
    "chapterName" : "After",
    "authorName" : "Ruth Ware",
    "msPlayed" : 651
  },
  {
    "endTime" : "2024-12-18 02:31",
    "audiobookName" : "The It Girl",
    "chapterName" : "After",
    "authorName" : "Ruth Ware",
    "msPlayed" : 920643
  },
  {
    "endTime" : "2024-12-18 02:43",
    "audiobookName" : "The It Girl",
    "chapterName" : "Before",
    "authorName" : "Ruth Ware",
    "msPlayed" : 730059
  },
  {
    "endTime" : "2024-12-18 02:54",
    "audiobookName" : "The It Girl",
    "chapterName" : "After",
    "authorName" : "Ruth Ware",
    "msPlayed" : 642665
  },
  {
    "endTime" : "2024-12-18 02:54",
    "audiobookName" : "The It Girl",
    "chapterName" : "Before",
    "authorName" : "Ruth Ware",
    "msPlayed" : 3811
  },
  {
    "endTime" : "2024-12-19 04:12",
    "audiobookName" : "The It Girl",
    "chapterName" : "Before",
    "authorName" : "Ruth Ware",
    "msPlayed" : 1244274
  },
  {
    "endTime" : "2024-12-19 04:21",
    "audiobookName" : "The It Girl",
    "chapterName" : "Before",
    "authorName" : "Ruth Ware",
    "msPlayed" : 4291
  },
  {
    "endTime" : "2024-12-19 04:21",
    "audiobookName" : "The It Girl",
    "chapterName" : "After",
    "authorName" : "Ruth Ware",
    "msPlayed" : 494301
  },
  {
    "endTime" : "2024-12-19 15:52",
    "audiobookName" : "The It Girl",
    "chapterName" : "Before",
    "authorName" : "Ruth Ware",
    "msPlayed" : 732387
  },
  {
    "endTime" : "2024-12-19 15:53",
    "audiobookName" : "The It Girl",
    "chapterName" : "After",
    "authorName" : "Ruth Ware",
    "msPlayed" : 15647
  },
  {
    "endTime" : "2024-12-20 08:26",
    "audiobookName" : "The It Girl",
    "chapterName" : "After",
    "authorName" : "Ruth Ware",
    "msPlayed" : 3285
  },
  {
    "endTime" : "2024-12-20 17:19",
    "audiobookName" : "The It Girl",
    "chapterName" : "After",
    "authorName" : "Ruth Ware",
    "msPlayed" : 4714
  },
  {
    "endTime" : "2024-12-21 02:25",
    "audiobookName" : "The It Girl",
    "chapterName" : "Before",
    "authorName" : "Ruth Ware",
    "msPlayed" : 20617
  },
  {
    "endTime" : "2024-12-21 02:25",
    "audiobookName" : "The It Girl",
    "chapterName" : "After",
    "authorName" : "Ruth Ware",
    "msPlayed" : 708333
  },
  {
    "endTime" : "2024-12-21 06:28",
    "audiobookName" : "The It Girl",
    "chapterName" : "Before",
    "authorName" : "Ruth Ware",
    "msPlayed" : 901251
  },
  {
    "endTime" : "2024-12-21 06:28",
    "audiobookName" : "The It Girl",
    "chapterName" : "After",
    "authorName" : "Ruth Ware",
    "msPlayed" : 3166
  },
  {
    "endTime" : "2024-12-24 15:48",
    "audiobookName" : "The It Girl",
    "chapterName" : "Before",
    "authorName" : "Ruth Ware",
    "msPlayed" : 3669
  },
  {
    "endTime" : "2024-12-24 15:48",
    "audiobookName" : "The It Girl",
    "chapterName" : "After",
    "authorName" : "Ruth Ware",
    "msPlayed" : 16263
  },
  {
    "endTime" : "2024-12-24 15:48",
    "audiobookName" : "The It Girl",
    "chapterName" : "Before",
    "authorName" : "Ruth Ware",
    "msPlayed" : 6955
  },
  {
    "endTime" : "2024-12-24 15:57",
    "audiobookName" : "The It Girl",
    "chapterName" : "Before",
    "authorName" : "Ruth Ware",
    "msPlayed" : 524022
  },
  {
    "endTime" : "2024-12-24 16:03",
    "audiobookName" : "The It Girl",
    "chapterName" : "After",
    "authorName" : "Ruth Ware",
    "msPlayed" : 329572
  },
  {
    "endTime" : "2024-12-24 16:10",
    "audiobookName" : "The It Girl",
    "chapterName" : "Before",
    "authorName" : "Ruth Ware",
    "msPlayed" : 453915
  },
  {
    "endTime" : "2024-12-24 16:17",
    "audiobookName" : "The It Girl",
    "chapterName" : "After",
    "authorName" : "Ruth Ware",
    "msPlayed" : 396202
  },
  {
    "endTime" : "2024-12-24 17:13",
    "audiobookName" : "The It Girl",
    "chapterName" : "Before",
    "authorName" : "Ruth Ware",
    "msPlayed" : 2451
  },
  {
    "endTime" : "2024-12-27 00:31",
    "audiobookName" : "The It Girl",
    "chapterName" : "Before",
    "authorName" : "Ruth Ware",
    "msPlayed" : 607998
  },
  {
    "endTime" : "2024-12-27 00:44",
    "audiobookName" : "The It Girl",
    "chapterName" : "After",
    "authorName" : "Ruth Ware",
    "msPlayed" : 810233
  },
  {
    "endTime" : "2024-12-27 00:45",
    "audiobookName" : "The It Girl",
    "chapterName" : "Before",
    "authorName" : "Ruth Ware",
    "msPlayed" : 6570
  },
  {
    "endTime" : "2024-12-27 02:59",
    "audiobookName" : "The It Girl",
    "chapterName" : "Before",
    "authorName" : "Ruth Ware",
    "msPlayed" : 749715
  },
  {
    "endTime" : "2024-12-27 03:04",
    "audiobookName" : "The It Girl",
    "chapterName" : "Before",
    "authorName" : "Ruth Ware",
    "msPlayed" : 6376
  },
  {
    "endTime" : "2024-12-27 03:04",
    "audiobookName" : "The It Girl",
    "chapterName" : "After",
    "authorName" : "Ruth Ware",
    "msPlayed" : 330012
  },
  {
    "endTime" : "2024-12-27 06:48",
    "audiobookName" : "The It Girl",
    "chapterName" : "Before",
    "authorName" : "Ruth Ware",
    "msPlayed" : 816832
  },
  {
    "endTime" : "2024-12-27 15:30",
    "audiobookName" : "The It Girl",
    "chapterName" : "After",
    "authorName" : "Ruth Ware",
    "msPlayed" : 1974
  },
  {
    "endTime" : "2024-12-28 04:12",
    "audiobookName" : "The It Girl",
    "chapterName" : "Before",
    "authorName" : "Ruth Ware",
    "msPlayed" : 19442
  },
  {
    "endTime" : "2024-12-28 04:12",
    "audiobookName" : "The It Girl",
    "chapterName" : "After",
    "authorName" : "Ruth Ware",
    "msPlayed" : 1042194
  },
  {
    "endTime" : "2025-01-03 05:57",
    "audiobookName" : "The It Girl",
    "chapterName" : "Before",
    "authorName" : "Ruth Ware",
    "msPlayed" : 8021
  },
  {
    "endTime" : "2025-01-03 07:15",
    "audiobookName" : "The It Girl",
    "chapterName" : "Before",
    "authorName" : "Ruth Ware",
    "msPlayed" : 790570
  },
  {
    "endTime" : "2025-01-03 07:30",
    "audiobookName" : "The It Girl",
    "chapterName" : "After",
    "authorName" : "Ruth Ware",
    "msPlayed" : 895466
  },
  {
    "endTime" : "2025-01-03 16:14",
    "audiobookName" : "The It Girl",
    "chapterName" : "Before",
    "authorName" : "Ruth Ware",
    "msPlayed" : 37655
  },
  {
    "endTime" : "2025-01-03 16:29",
    "audiobookName" : "The It Girl",
    "chapterName" : "Before",
    "authorName" : "Ruth Ware",
    "msPlayed" : 2773
  },
  {
    "endTime" : "2025-01-03 16:45",
    "audiobookName" : "The It Girl",
    "chapterName" : "After",
    "authorName" : "Ruth Ware",
    "msPlayed" : 1173
  },
  {
    "endTime" : "2025-01-03 21:55",
    "audiobookName" : "The It Girl",
    "chapterName" : "Before",
    "authorName" : "Ruth Ware",
    "msPlayed" : 661
  },
  {
    "endTime" : "2025-01-05 18:14",
    "audiobookName" : "The It Girl",
    "chapterName" : "The End",
    "authorName" : "Ruth Ware",
    "msPlayed" : 1771
  },
  {
    "endTime" : "2025-01-06 02:04",
    "audiobookName" : "The It Girl",
    "chapterName" : "The End",
    "authorName" : "Ruth Ware",
    "msPlayed" : 2411
  },
  {
    "endTime" : "2025-01-06 02:13",
    "audiobookName" : "The It Girl",
    "chapterName" : "After",
    "authorName" : "Ruth Ware",
    "msPlayed" : 498093
  },
  {
    "endTime" : "2025-01-06 02:29",
    "audiobookName" : "The It Girl",
    "chapterName" : "After",
    "authorName" : "Ruth Ware",
    "msPlayed" : 3309
  },
  {
    "endTime" : "2025-01-06 02:29",
    "audiobookName" : "The It Girl",
    "chapterName" : "Before",
    "authorName" : "Ruth Ware",
    "msPlayed" : 917142
  },
  {
    "endTime" : "2025-01-07 01:46",
    "audiobookName" : "The It Girl",
    "chapterName" : "Before",
    "authorName" : "Ruth Ware",
    "msPlayed" : 89996
  },
  {
    "endTime" : "2025-01-08 02:18",
    "audiobookName" : "Iron Flame",
    "chapterName" : "Chapter 10",
    "authorName" : "Rebecca Yarros",
    "msPlayed" : 2304
  },
  {
    "endTime" : "2025-01-08 02:18",
    "audiobookName" : "Iron Flame",
    "chapterName" : "Chapter 3",
    "authorName" : "Rebecca Yarros",
    "msPlayed" : 27349
  },
  {
    "endTime" : "2025-01-08 02:43",
    "audiobookName" : "Fourth Wing",
    "chapterName" : "Chapter 3",
    "authorName" : "Rebecca Yarros",
    "msPlayed" : 1513922
  },
  {
    "endTime" : "2025-01-08 02:43",
    "audiobookName" : "Fourth Wing",
    "chapterName" : "Chapter 4",
    "authorName" : "Rebecca Yarros",
    "msPlayed" : 2534
  },
  {
    "endTime" : "2025-01-09 16:21",
    "audiobookName" : "Fourth Wing",
    "chapterName" : "Chapter 5",
    "authorName" : "Rebecca Yarros",
    "msPlayed" : 1132518
  },
  {
    "endTime" : "2025-01-09 16:33",
    "audiobookName" : "Fourth Wing",
    "chapterName" : "Chapter 7",
    "authorName" : "Rebecca Yarros",
    "msPlayed" : 1578
  },
  {
    "endTime" : "2025-01-09 16:33",
    "audiobookName" : "Fourth Wing",
    "chapterName" : "Chapter 6",
    "authorName" : "Rebecca Yarros",
    "msPlayed" : 688471
  },
  {
    "endTime" : "2025-01-10 04:20",
    "audiobookName" : "Fourth Wing",
    "chapterName" : "Chapter 8",
    "authorName" : "Rebecca Yarros",
    "msPlayed" : 9126
  },
  {
    "endTime" : "2025-01-10 04:20",
    "audiobookName" : "Fourth Wing",
    "chapterName" : "Chapter 7",
    "authorName" : "Rebecca Yarros",
    "msPlayed" : 1188261
  },
  {
    "endTime" : "2025-01-10 15:39",
    "audiobookName" : "Fourth Wing",
    "chapterName" : "Chapter 8",
    "authorName" : "Rebecca Yarros",
    "msPlayed" : 12906
  },
  {
    "endTime" : "2025-01-11 02:05",
    "audiobookName" : "Fourth Wing",
    "chapterName" : "Chapter 9",
    "authorName" : "Rebecca Yarros",
    "msPlayed" : 146944
  },
  {
    "endTime" : "2025-01-11 18:07",
    "audiobookName" : "Fourth Wing",
    "chapterName" : "Chapter 9",
    "authorName" : "Rebecca Yarros",
    "msPlayed" : 3927
  },
  {
    "endTime" : "2025-01-11 18:07",
    "audiobookName" : "Fourth Wing",
    "chapterName" : "Chapter 8",
    "authorName" : "Rebecca Yarros",
    "msPlayed" : 8471
  },
  {
    "endTime" : "2025-01-11 18:20",
    "audiobookName" : "Fourth Wing",
    "chapterName" : "Chapter 9",
    "authorName" : "Rebecca Yarros",
    "msPlayed" : 747712
  },
  {
    "endTime" : "2025-01-11 18:24",
    "audiobookName" : "Fourth Wing",
    "chapterName" : "Chapter 10",
    "authorName" : "Rebecca Yarros",
    "msPlayed" : 1706
  },
  {
    "endTime" : "2025-01-13 01:02",
    "audiobookName" : "It Ends with Us",
    "chapterName" : "Chapter 1",
    "authorName" : "Colleen Hoover",
    "msPlayed" : 0
  },
  {
    "endTime" : "2025-01-13 15:29",
    "audiobookName" : "It Ends with Us",
    "chapterName" : "Chapter 1",
    "authorName" : "Colleen Hoover",
    "msPlayed" : 4117
  },
  {
    "endTime" : "2025-01-13 16:04",
    "audiobookName" : "Fourth Wing",
    "chapterName" : "Chapter 10",
    "authorName" : "Rebecca Yarros",
    "msPlayed" : 39915
  },
  {
    "endTime" : "2025-01-13 16:27",
    "audiobookName" : "It Ends with Us",
    "chapterName" : "Chapter 1",
    "authorName" : "Colleen Hoover",
    "msPlayed" : 1369159
  },
  {
    "endTime" : "2025-01-13 16:39",
    "audiobookName" : "It Ends with Us",
    "chapterName" : "Chapter 2",
    "authorName" : "Colleen Hoover",
    "msPlayed" : 698791
  },
  {
    "endTime" : "2025-01-13 16:41",
    "audiobookName" : "It Ends with Us",
    "chapterName" : "Chapter 3",
    "authorName" : "Colleen Hoover",
    "msPlayed" : 2388
  },
  {
    "endTime" : "2025-01-14 02:01",
    "audiobookName" : "Fourth Wing",
    "chapterName" : "Chapter 10",
    "authorName" : "Rebecca Yarros",
    "msPlayed" : 1326632
  },
  {
    "endTime" : "2025-01-14 02:11",
    "audiobookName" : "Fourth Wing",
    "chapterName" : "Chapter 11",
    "authorName" : "Rebecca Yarros",
    "msPlayed" : 628
  },
  {
    "endTime" : "2025-01-14 02:30",
    "audiobookName" : "It Ends with Us",
    "chapterName" : "Chapter 3",
    "authorName" : "Colleen Hoover",
    "msPlayed" : 1122388
  },
  {
    "endTime" : "2025-01-14 02:36",
    "audiobookName" : "It Ends with Us",
    "chapterName" : "Chapter 4",
    "authorName" : "Colleen Hoover",
    "msPlayed" : 401345
  },
  {
    "endTime" : "2025-01-14 02:44",
    "audiobookName" : "It Ends with Us",
    "chapterName" : "Chapter 5",
    "authorName" : "Colleen Hoover",
    "msPlayed" : 478096
  },
  {
    "endTime" : "2025-01-14 02:48",
    "audiobookName" : "It Ends with Us",
    "chapterName" : "Chapter 6",
    "authorName" : "Colleen Hoover",
    "msPlayed" : 222993
  },
  {
    "endTime" : "2025-01-14 02:49",
    "audiobookName" : "It Ends with Us",
    "chapterName" : "Chapter 7",
    "authorName" : "Colleen Hoover",
    "msPlayed" : 6082
  },
  {
    "endTime" : "2025-01-14 15:52",
    "audiobookName" : "Fourth Wing",
    "chapterName" : "Chapter 11",
    "authorName" : "Rebecca Yarros",
    "msPlayed" : 693743
  },
  {
    "endTime" : "2025-01-14 16:07",
    "audiobookName" : "Fourth Wing",
    "chapterName" : "Chapter 13",
    "authorName" : "Rebecca Yarros",
    "msPlayed" : 2906
  },
  {
    "endTime" : "2025-01-14 16:07",
    "audiobookName" : "Fourth Wing",
    "chapterName" : "Chapter 12",
    "authorName" : "Rebecca Yarros",
    "msPlayed" : 884026
  },
  {
    "endTime" : "2025-01-14 22:35",
    "audiobookName" : "Fourth Wing",
    "chapterName" : "Chapter 13",
    "authorName" : "Rebecca Yarros",
    "msPlayed" : 570967
  },
  {
    "endTime" : "2025-01-14 22:36",
    "audiobookName" : "Fourth Wing",
    "chapterName" : "Chapter 14",
    "authorName" : "Rebecca Yarros",
    "msPlayed" : 14453
  },
  {
    "endTime" : "2025-01-14 22:36",
    "audiobookName" : "It Ends with Us",
    "chapterName" : "Chapter 7",
    "authorName" : "Colleen Hoover",
    "msPlayed" : 6720
  },
  {
    "endTime" : "2025-01-14 22:52",
    "audiobookName" : "It Ends with Us",
    "chapterName" : "Chapter 8",
    "authorName" : "Colleen Hoover",
    "msPlayed" : 999956
  },
  {
    "endTime" : "2025-01-14 22:58",
    "audiobookName" : "It Ends with Us",
    "chapterName" : "Chapter 10",
    "authorName" : "Colleen Hoover",
    "msPlayed" : 29691
  },
  {
    "endTime" : "2025-01-14 22:58",
    "audiobookName" : "It Ends with Us",
    "chapterName" : "Chapter 9",
    "authorName" : "Colleen Hoover",
    "msPlayed" : 302260
  },
  {
    "endTime" : "2025-01-14 22:59",
    "audiobookName" : "Fourth Wing",
    "chapterName" : "Chapter 14",
    "authorName" : "Rebecca Yarros",
    "msPlayed" : 42304
  },
  {
    "endTime" : "2025-01-16 05:07",
    "audiobookName" : "It Ends with Us",
    "chapterName" : "Chapter 10",
    "authorName" : "Colleen Hoover",
    "msPlayed" : 880576
  },
  {
    "endTime" : "2025-01-16 05:29",
    "audiobookName" : "It Ends with Us",
    "chapterName" : "Chapter 11",
    "authorName" : "Colleen Hoover",
    "msPlayed" : 1315502
  },
  {
    "endTime" : "2025-01-16 05:29",
    "audiobookName" : "It Ends with Us",
    "chapterName" : "Chapter 12",
    "authorName" : "Colleen Hoover",
    "msPlayed" : 6215
  },
  {
    "endTime" : "2025-01-16 16:40",
    "audiobookName" : "It Ends with Us",
    "chapterName" : "Chapter 12",
    "authorName" : "Colleen Hoover",
    "msPlayed" : 614716
  },
  {
    "endTime" : "2025-01-16 16:48",
    "audiobookName" : "It Ends with Us",
    "chapterName" : "Chapter 13",
    "authorName" : "Colleen Hoover",
    "msPlayed" : 466707
  },
  {
    "endTime" : "2025-01-16 17:00",
    "audiobookName" : "It Ends with Us",
    "chapterName" : "Chapter 14",
    "authorName" : "Colleen Hoover",
    "msPlayed" : 736081
  },
  {
    "endTime" : "2025-01-19 20:29",
    "audiobookName" : "Fourth Wing",
    "chapterName" : "Chapter 15",
    "authorName" : "Rebecca Yarros",
    "msPlayed" : 30144
  },
  {
    "endTime" : "2025-01-19 20:30",
    "audiobookName" : "Fourth Wing",
    "chapterName" : "Chapter 14",
    "authorName" : "Rebecca Yarros",
    "msPlayed" : 28498
  },
  {
    "endTime" : "2025-01-19 20:30",
    "audiobookName" : "Fourth Wing",
    "chapterName" : "Chapter 15",
    "authorName" : "Rebecca Yarros",
    "msPlayed" : 13220
  },
  {
    "endTime" : "2025-01-19 20:49",
    "audiobookName" : "Fourth Wing",
    "chapterName" : "Chapter 16",
    "authorName" : "Rebecca Yarros",
    "msPlayed" : 1122704
  },
  {
    "endTime" : "2025-01-19 20:49",
    "audiobookName" : "Fourth Wing",
    "chapterName" : "Chapter 16",
    "authorName" : "Rebecca Yarros",
    "msPlayed" : 4544
  },
  {
    "endTime" : "2025-01-19 20:49",
    "audiobookName" : "Fourth Wing",
    "chapterName" : "Chapter 17",
    "authorName" : "Rebecca Yarros",
    "msPlayed" : 1676
  },
  {
    "endTime" : "2025-01-19 20:58",
    "audiobookName" : "It Ends with Us",
    "chapterName" : "Chapter 15",
    "authorName" : "Colleen Hoover",
    "msPlayed" : 550441
  },
  {
    "endTime" : "2025-01-19 20:59",
    "audiobookName" : "It Ends with Us",
    "chapterName" : "Chapter 16",
    "authorName" : "Colleen Hoover",
    "msPlayed" : 3619
  },
  {
    "endTime" : "2025-01-20 08:30",
    "audiobookName" : "It Ends with Us",
    "chapterName" : "Chapter 16",
    "authorName" : "Colleen Hoover",
    "msPlayed" : 305714
  },
  {
    "endTime" : "2025-01-20 08:41",
    "audiobookName" : "It Ends with Us",
    "chapterName" : "Chapter 17",
    "authorName" : "Colleen Hoover",
    "msPlayed" : 637182
  },
  {
    "endTime" : "2025-01-20 08:41",
    "audiobookName" : "It Ends with Us",
    "chapterName" : "Chapter 18",
    "authorName" : "Colleen Hoover",
    "msPlayed" : 5608
  },
  {
    "endTime" : "2025-01-20 09:30",
    "audiobookName" : "Fourth Wing",
    "chapterName" : "Chapter 16",
    "authorName" : "Rebecca Yarros",
    "msPlayed" : 5845
  },
  {
    "endTime" : "2025-01-22 16:08",
    "audiobookName" : "Fourth Wing",
    "chapterName" : "Chapter 18",
    "authorName" : "Rebecca Yarros",
    "msPlayed" : 56640
  },
  {
    "endTime" : "2025-01-22 16:08",
    "audiobookName" : "Fourth Wing",
    "chapterName" : "Chapter 17",
    "authorName" : "Rebecca Yarros",
    "msPlayed" : 21909
  },
  {
    "endTime" : "2025-01-22 16:28",
    "audiobookName" : "Fourth Wing",
    "chapterName" : "Chapter 18",
    "authorName" : "Rebecca Yarros",
    "msPlayed" : 1179212
  },
  {
    "endTime" : "2025-01-22 16:28",
    "audiobookName" : "Fourth Wing",
    "chapterName" : "Chapter 19",
    "authorName" : "Rebecca Yarros",
    "msPlayed" : 2944
  },
  {
    "endTime" : "2025-01-22 16:29",
    "audiobookName" : "It Ends with Us",
    "chapterName" : "Chapter 18",
    "authorName" : "Colleen Hoover",
    "msPlayed" : 2987
  },
  {
    "endTime" : "2025-01-22 16:29",
    "audiobookName" : "It Ends with Us",
    "chapterName" : "Chapter 22",
    "authorName" : "Colleen Hoover",
    "msPlayed" : 22080
  },
  {
    "endTime" : "2025-01-22 16:41",
    "audiobookName" : "It Ends with Us",
    "chapterName" : "Chapter 23",
    "authorName" : "Colleen Hoover",
    "msPlayed" : 725515
  },
  {
    "endTime" : "2025-01-23 01:00",
    "audiobookName" : "It Ends with Us",
    "chapterName" : "Chapter 24",
    "authorName" : "Colleen Hoover",
    "msPlayed" : 2903
  },
  {
    "endTime" : "2025-01-23 05:40",
    "audiobookName" : "Fourth Wing",
    "chapterName" : "Chapter 19",
    "authorName" : "Rebecca Yarros",
    "msPlayed" : 1201090
  },
  {
    "endTime" : "2025-01-23 05:41",
    "audiobookName" : "Fourth Wing",
    "chapterName" : "Chapter 20",
    "authorName" : "Rebecca Yarros",
    "msPlayed" : 6153
  },
  {
    "endTime" : "2025-01-23 05:46",
    "audiobookName" : "It Ends with Us",
    "chapterName" : "Chapter 25",
    "authorName" : "Colleen Hoover",
    "msPlayed" : 4921
  },
  {
    "endTime" : "2025-01-23 05:46",
    "audiobookName" : "It Ends with Us",
    "chapterName" : "Chapter 24",
    "authorName" : "Colleen Hoover",
    "msPlayed" : 285502
  },
  {
    "endTime" : "2025-01-25 04:02",
    "audiobookName" : "Fourth Wing",
    "chapterName" : "Chapter 21",
    "authorName" : "Rebecca Yarros",
    "msPlayed" : 8117
  },
  {
    "endTime" : "2025-01-25 04:02",
    "audiobookName" : "Fourth Wing",
    "chapterName" : "Chapter 20",
    "authorName" : "Rebecca Yarros",
    "msPlayed" : 715115
  },
  {
    "endTime" : "2025-01-25 04:07",
    "audiobookName" : "It Ends with Us",
    "chapterName" : "Chapter 26",
    "authorName" : "Colleen Hoover",
    "msPlayed" : 289492
  },
  {
    "endTime" : "2025-01-25 04:10",
    "audiobookName" : "It Ends with Us",
    "chapterName" : "Chapter 27",
    "authorName" : "Colleen Hoover",
    "msPlayed" : 167590
  },
  {
    "endTime" : "2025-01-25 04:10",
    "audiobookName" : "It Ends with Us",
    "chapterName" : "Chapter 28",
    "authorName" : "Colleen Hoover",
    "msPlayed" : 1971
  },
  {
    "endTime" : "2025-01-25 09:11",
    "audiobookName" : "It Ends with Us",
    "chapterName" : "Chapter 28",
    "authorName" : "Colleen Hoover",
    "msPlayed" : 1007792
  },
  {
    "endTime" : "2025-01-25 15:41",
    "audiobookName" : "It Ends with Us",
    "chapterName" : "Chapter 29",
    "authorName" : "Colleen Hoover",
    "msPlayed" : 306
  },
  {
    "endTime" : "2025-01-25 20:42",
    "audiobookName" : "It Ends with Us",
    "chapterName" : "Chapter 29",
    "authorName" : "Colleen Hoover",
    "msPlayed" : 349378
  },
  {
    "endTime" : "2025-01-25 20:53",
    "audiobookName" : "It Ends with Us",
    "chapterName" : "Chapter 30",
    "authorName" : "Colleen Hoover",
    "msPlayed" : 625774
  },
  {
    "endTime" : "2025-01-25 20:56",
    "audiobookName" : "It Ends with Us",
    "chapterName" : "Chapter 31",
    "authorName" : "Colleen Hoover",
    "msPlayed" : 188555
  },
  {
    "endTime" : "2025-01-25 21:02",
    "audiobookName" : "It Ends with Us",
    "chapterName" : "Chapter 32",
    "authorName" : "Colleen Hoover",
    "msPlayed" : 366932
  },
  {
    "endTime" : "2025-01-25 21:09",
    "audiobookName" : "It Ends with Us",
    "chapterName" : "Chapter 33",
    "authorName" : "Colleen Hoover",
    "msPlayed" : 389039
  },
  {
    "endTime" : "2025-01-25 21:17",
    "audiobookName" : "It Ends with Us",
    "chapterName" : "Chapter 34",
    "authorName" : "Colleen Hoover",
    "msPlayed" : 417343
  },
  {
    "endTime" : "2025-01-25 21:18",
    "audiobookName" : "It Ends with Us",
    "chapterName" : "Chapter 35",
    "authorName" : "Colleen Hoover",
    "msPlayed" : 10897
  },
  {
    "endTime" : "2025-01-28 15:56",
    "audiobookName" : "Icebreaker",
    "chapterName" : "Chapter 3: Anastasia",
    "authorName" : "Hannah Grace",
    "msPlayed" : 674290
  },
  {
    "endTime" : "2025-01-28 16:05",
    "audiobookName" : "Icebreaker",
    "chapterName" : "Chapter 4: Nathan",
    "authorName" : "Hannah Grace",
    "msPlayed" : 499490
  },
  {
    "endTime" : "2025-01-28 16:15",
    "audiobookName" : "Icebreaker",
    "chapterName" : "Chapter 6: Nathan",
    "authorName" : "Hannah Grace",
    "msPlayed" : 2033
  },
  {
    "endTime" : "2025-01-28 16:15",
    "audiobookName" : "Icebreaker",
    "chapterName" : "Chapter 5: Anastasia",
    "authorName" : "Hannah Grace",
    "msPlayed" : 596746
  },
  {
    "endTime" : "2025-01-28 22:38",
    "audiobookName" : "Icebreaker",
    "chapterName" : "Chapter 6: Nathan",
    "authorName" : "Hannah Grace",
    "msPlayed" : 461931
  },
  {
    "endTime" : "2025-01-28 22:48",
    "audiobookName" : "Icebreaker",
    "chapterName" : "Chapter 7: Anastasia",
    "authorName" : "Hannah Grace",
    "msPlayed" : 549071
  },
  {
    "endTime" : "2025-01-28 22:58",
    "audiobookName" : "Icebreaker",
    "chapterName" : "Chapter 8: Nathan",
    "authorName" : "Hannah Grace",
    "msPlayed" : 558403
  },
  {
    "endTime" : "2025-01-28 23:08",
    "audiobookName" : "Icebreaker",
    "chapterName" : "Chapter 9: Anastasia",
    "authorName" : "Hannah Grace",
    "msPlayed" : 594933
  },
  {
    "endTime" : "2025-01-28 23:08",
    "audiobookName" : "Icebreaker",
    "chapterName" : "Chapter 10: Nathan",
    "authorName" : "Hannah Grace",
    "msPlayed" : 3471
  },
  {
    "endTime" : "2025-01-29 16:29",
    "audiobookName" : "Fourth Wing",
    "chapterName" : "Chapter 23",
    "authorName" : "Rebecca Yarros",
    "msPlayed" : 8378
  },
  {
    "endTime" : "2025-01-29 16:29",
    "audiobookName" : "Fourth Wing",
    "chapterName" : "Chapter 22",
    "authorName" : "Rebecca Yarros",
    "msPlayed" : 1921152
  },
  {
    "endTime" : "2025-01-30 02:02",
    "audiobookName" : "Fourth Wing",
    "chapterName" : "Chapter 23",
    "authorName" : "Rebecca Yarros",
    "msPlayed" : 944589
  },
  {
    "endTime" : "2025-01-30 02:13",
    "audiobookName" : "Fourth Wing",
    "chapterName" : "Chapter 24",
    "authorName" : "Rebecca Yarros",
    "msPlayed" : 6110
  },
  {
    "endTime" : "2025-02-05 16:31",
    "audiobookName" : "Fourth Wing",
    "chapterName" : "Chapter 24",
    "authorName" : "Rebecca Yarros",
    "msPlayed" : 1096577
  },
  {
    "endTime" : "2025-02-05 16:31",
    "audiobookName" : "Fourth Wing",
    "chapterName" : "Chapter 25",
    "authorName" : "Rebecca Yarros",
    "msPlayed" : 4698
  },
  {
    "endTime" : "2025-02-09 19:24",
    "audiobookName" : "Fourth Wing",
    "chapterName" : "Chapter 25",
    "authorName" : "Rebecca Yarros",
    "msPlayed" : 384
  },
  {
    "endTime" : "2025-02-11 22:49",
    "audiobookName" : "Fourth Wing",
    "chapterName" : "Chapter 26",
    "authorName" : "Rebecca Yarros",
    "msPlayed" : 690236
  },
  {
    "endTime" : "2025-02-11 23:08",
    "audiobookName" : "Fourth Wing",
    "chapterName" : "Chapter 27",
    "authorName" : "Rebecca Yarros",
    "msPlayed" : 1119658
  },
  {
    "endTime" : "2025-02-11 23:08",
    "audiobookName" : "Fourth Wing",
    "chapterName" : "Chapter 28",
    "authorName" : "Rebecca Yarros",
    "msPlayed" : 2802
  },
  {
    "endTime" : "2025-02-14 01:08",
    "audiobookName" : "Fourth Wing",
    "chapterName" : "Chapter 28",
    "authorName" : "Rebecca Yarros",
    "msPlayed" : 176007
  },
  {
    "endTime" : "2025-02-14 06:06",
    "audiobookName" : "Fourth Wing",
    "chapterName" : "Chapter 28",
    "authorName" : "Rebecca Yarros",
    "msPlayed" : 1225967
  },
  {
    "endTime" : "2025-02-14 18:50",
    "audiobookName" : "Fourth Wing",
    "chapterName" : "Chapter 29",
    "authorName" : "Rebecca Yarros",
    "msPlayed" : 774595
  },
  {
    "endTime" : "2025-02-14 19:11",
    "audiobookName" : "Fourth Wing",
    "chapterName" : "Chapter 31",
    "authorName" : "Rebecca Yarros",
    "msPlayed" : 2260
  },
  {
    "endTime" : "2025-02-14 19:11",
    "audiobookName" : "Fourth Wing",
    "chapterName" : "Chapter 30",
    "authorName" : "Rebecca Yarros",
    "msPlayed" : 1281985
  },
  {
    "endTime" : "2025-02-16 17:44",
    "audiobookName" : "Fourth Wing",
    "chapterName" : "Chapter 32",
    "authorName" : "Rebecca Yarros",
    "msPlayed" : 1039
  },
  {
    "endTime" : "2025-02-16 17:44",
    "audiobookName" : "Fourth Wing",
    "chapterName" : "Chapter 31",
    "authorName" : "Rebecca Yarros",
    "msPlayed" : 946547
  },
  {
    "endTime" : "2025-02-23 17:51",
    "audiobookName" : "Fourth Wing",
    "chapterName" : "Chapter 32",
    "authorName" : "Rebecca Yarros",
    "msPlayed" : 1408049
  },
  {
    "endTime" : "2025-02-23 18:03",
    "audiobookName" : "Fourth Wing",
    "chapterName" : "Chapter 33",
    "authorName" : "Rebecca Yarros",
    "msPlayed" : 693972
  },
  {
    "endTime" : "2025-02-23 18:28",
    "audiobookName" : "Fourth Wing",
    "chapterName" : "Chapter 34",
    "authorName" : "Rebecca Yarros",
    "msPlayed" : 292911
  },
  {
    "endTime" : "2025-02-23 18:34",
    "audiobookName" : "Fourth Wing",
    "chapterName" : "Chapter 34",
    "authorName" : "Rebecca Yarros",
    "msPlayed" : 378819
  },
  {
    "endTime" : "2025-02-23 19:54",
    "audiobookName" : "Fourth Wing",
    "chapterName" : "Chapter 35",
    "authorName" : "Rebecca Yarros",
    "msPlayed" : 1224
  },
  {
    "endTime" : "2025-02-23 20:44",
    "audiobookName" : "Fourth Wing",
    "chapterName" : "Chapter 35",
    "authorName" : "Rebecca Yarros",
    "msPlayed" : 1174055
  },
  {
    "endTime" : "2025-02-23 21:05",
    "audiobookName" : "Fourth Wing",
    "chapterName" : "Chapter 36",
    "authorName" : "Rebecca Yarros",
    "msPlayed" : 1264770
  },
  {
    "endTime" : "2025-02-24 03:43",
    "audiobookName" : "Fourth Wing",
    "chapterName" : "36 Continued",
    "authorName" : "Rebecca Yarros",
    "msPlayed" : 4663
  },
  {
    "endTime" : "2025-02-25 15:34",
    "audiobookName" : "Fourth Wing",
    "chapterName" : "Chapter 36",
    "authorName" : "Rebecca Yarros",
    "msPlayed" : 7520
  },
  {
    "endTime" : "2025-02-25 15:34",
    "audiobookName" : "Fourth Wing",
    "chapterName" : "36 Continued",
    "authorName" : "Rebecca Yarros",
    "msPlayed" : 4502
  },
  {
    "endTime" : "2025-02-25 15:44",
    "audiobookName" : "Fourth Wing",
    "chapterName" : "36 Continued",
    "authorName" : "Rebecca Yarros",
    "msPlayed" : 595905
  },
  {
    "endTime" : "2025-02-25 15:52",
    "audiobookName" : "Fourth Wing",
    "chapterName" : "Chapter 37",
    "authorName" : "Rebecca Yarros",
    "msPlayed" : 479724
  },
  {
    "endTime" : "2025-02-25 15:58",
    "audiobookName" : "Fourth Wing",
    "chapterName" : "Chapter 38",
    "authorName" : "Rebecca Yarros",
    "msPlayed" : 329890
  },
  {
    "endTime" : "2025-02-25 16:10",
    "audiobookName" : "Fourth Wing",
    "chapterName" : "Chapter 39",
    "authorName" : "Rebecca Yarros",
    "msPlayed" : 748693
  },
  {
    "endTime" : "2025-02-25 16:11",
    "audiobookName" : "Fourth Wing",
    "chapterName" : "The End/Bonus Chapters/Chapter 9",
    "authorName" : "Rebecca Yarros",
    "msPlayed" : 33122
  },
  {
    "endTime" : "2025-03-05 15:14",
    "audiobookName" : "Icebreaker",
    "chapterName" : "Chapter 18: Nathan",
    "authorName" : "Hannah Grace",
    "msPlayed" : 853
  },
  {
    "endTime" : "2025-03-06 16:06",
    "audiobookName" : "Icebreaker",
    "chapterName" : "Chapter 18: Nathan",
    "authorName" : "Hannah Grace",
    "msPlayed" : 467094
  },
  {
    "endTime" : "2025-03-06 16:16",
    "audiobookName" : "Icebreaker",
    "chapterName" : "Chapter 19: Anastasia",
    "authorName" : "Hannah Grace",
    "msPlayed" : 642843
  },
  {
    "endTime" : "2025-03-06 16:26",
    "audiobookName" : "Icebreaker",
    "chapterName" : "Chapter 21: Anastasia",
    "authorName" : "Hannah Grace",
    "msPlayed" : 13159
  },
  {
    "endTime" : "2025-03-06 16:26",
    "audiobookName" : "Icebreaker",
    "chapterName" : "Chapter 20: Nathan",
    "authorName" : "Hannah Grace",
    "msPlayed" : 589874
  },
  {
    "endTime" : "2025-03-07 02:08",
    "audiobookName" : "Icebreaker",
    "chapterName" : "Chapter 21: Anastasia",
    "authorName" : "Hannah Grace",
    "msPlayed" : 616961
  },
  {
    "endTime" : "2025-03-07 02:17",
    "audiobookName" : "Icebreaker",
    "chapterName" : "Chapter 22: Nathan",
    "authorName" : "Hannah Grace",
    "msPlayed" : 508024
  },
  {
    "endTime" : "2025-03-07 02:28",
    "audiobookName" : "Icebreaker",
    "chapterName" : "Chapter 23: Anastasia",
    "authorName" : "Hannah Grace",
    "msPlayed" : 664121
  },
  {
    "endTime" : "2025-03-07 02:36",
    "audiobookName" : "Icebreaker",
    "chapterName" : "Chapter 25: Anastasia",
    "authorName" : "Hannah Grace",
    "msPlayed" : 3558
  },
  {
    "endTime" : "2025-03-07 02:36",
    "audiobookName" : "Icebreaker",
    "chapterName" : "Chapter 24: Nathan",
    "authorName" : "Hannah Grace",
    "msPlayed" : 466562
  },
  {
    "endTime" : "2025-03-12 15:16",
    "audiobookName" : "Icebreaker",
    "chapterName" : "Chapter 26: Nathan",
    "authorName" : "Hannah Grace",
    "msPlayed" : 0
  },
  {
    "endTime" : "2025-03-12 15:16",
    "audiobookName" : "Icebreaker",
    "chapterName" : "Chapter 25: Anastasia",
    "authorName" : "Hannah Grace",
    "msPlayed" : 569112
  },
  {
    "endTime" : "2025-03-12 15:16",
    "audiobookName" : "Icebreaker",
    "chapterName" : "Chapter 25: Anastasia",
    "authorName" : "Hannah Grace",
    "msPlayed" : 41834
  },
  {
    "endTime" : "2025-03-12 15:23",
    "audiobookName" : "Icebreaker",
    "chapterName" : "Chapter 26: Nathan",
    "authorName" : "Hannah Grace",
    "msPlayed" : 424069
  },
  {
    "endTime" : "2025-03-12 15:37",
    "audiobookName" : "Icebreaker",
    "chapterName" : "Chapter 27: Anastasia",
    "authorName" : "Hannah Grace",
    "msPlayed" : 742199
  },
  {
    "endTime" : "2025-03-12 15:37",
    "audiobookName" : "Icebreaker",
    "chapterName" : "Chapter 28: Nathan",
    "authorName" : "Hannah Grace",
    "msPlayed" : 1215
  },
  {
    "endTime" : "2025-03-13 01:11",
    "audiobookName" : "Icebreaker",
    "chapterName" : "Chapter 28: Nathan",
    "authorName" : "Hannah Grace",
    "msPlayed" : 529034
  },
  {
    "endTime" : "2025-03-13 01:20",
    "audiobookName" : "Icebreaker",
    "chapterName" : "Chapter 29: Anastasia",
    "authorName" : "Hannah Grace",
    "msPlayed" : 535787
  },
  {
    "endTime" : "2025-03-13 01:29",
    "audiobookName" : "Icebreaker",
    "chapterName" : "Chapter 30: Nathan",
    "authorName" : "Hannah Grace",
    "msPlayed" : 500710
  },
  {
    "endTime" : "2025-03-13 01:29",
    "audiobookName" : "Icebreaker",
    "chapterName" : "Chapter 31: Anastasia",
    "authorName" : "Hannah Grace",
    "msPlayed" : 5598
  },
  {
    "endTime" : "2025-03-13 15:14",
    "audiobookName" : "Icebreaker",
    "chapterName" : "Chapter 31: Anastasia",
    "authorName" : "Hannah Grace",
    "msPlayed" : 428750
  },
  {
    "endTime" : "2025-03-13 15:22",
    "audiobookName" : "Icebreaker",
    "chapterName" : "Chapter 32: Nathan",
    "authorName" : "Hannah Grace",
    "msPlayed" : 458147
  },
  {
    "endTime" : "2025-03-13 15:31",
    "audiobookName" : "Icebreaker",
    "chapterName" : "Chapter 33: Anastasia",
    "authorName" : "Hannah Grace",
    "msPlayed" : 542868
  },
  {
    "endTime" : "2025-03-13 15:32",
    "audiobookName" : "Icebreaker",
    "chapterName" : "Chapter 34: Nathan",
    "authorName" : "Hannah Grace",
    "msPlayed" : 71369
  },
  {
    "endTime" : "2025-03-14 00:01",
    "audiobookName" : "Icebreaker",
    "chapterName" : "Chapter 34: Nathan",
    "authorName" : "Hannah Grace",
    "msPlayed" : 544107
  },
  {
    "endTime" : "2025-03-14 00:13",
    "audiobookName" : "Icebreaker",
    "chapterName" : "Chapter 35: Anastasia",
    "authorName" : "Hannah Grace",
    "msPlayed" : 656088
  },
  {
    "endTime" : "2025-03-14 00:14",
    "audiobookName" : "Icebreaker",
    "chapterName" : "Chapter 36: Nathan",
    "authorName" : "Hannah Grace",
    "msPlayed" : 55753
  },
  {
    "endTime" : "2025-03-14 17:43",
    "audiobookName" : "Icebreaker",
    "chapterName" : "Chapter 36: Nathan",
    "authorName" : "Hannah Grace",
    "msPlayed" : 417145
  },
  {
    "endTime" : "2025-03-14 17:43",
    "audiobookName" : "Icebreaker",
    "chapterName" : "Chapter 37: Anastasia",
    "authorName" : "Hannah Grace",
    "msPlayed" : 10493
  },
  {
    "endTime" : "2025-03-14 18:55",
    "audiobookName" : "Icebreaker",
    "chapterName" : "Chapter 37: Anastasia",
    "authorName" : "Hannah Grace",
    "msPlayed" : 533128
  },
  {
    "endTime" : "2025-03-14 18:56",
    "audiobookName" : "Icebreaker",
    "chapterName" : "Chapter 38: Nathan",
    "authorName" : "Hannah Grace",
    "msPlayed" : 9924
  },
  {
    "endTime" : "2025-03-15 18:48",
    "audiobookName" : "Icebreaker",
    "chapterName" : "Chapter 38: Nathan",
    "authorName" : "Hannah Grace",
    "msPlayed" : 427398
  },
  {
    "endTime" : "2025-03-15 18:54",
    "audiobookName" : "Icebreaker",
    "chapterName" : "Chapter 39: Anastasia",
    "authorName" : "Hannah Grace",
    "msPlayed" : 336133
  },
  {
    "endTime" : "2025-03-15 18:59",
    "audiobookName" : "Icebreaker",
    "chapterName" : "Chapter 40: Nathan",
    "authorName" : "Hannah Grace",
    "msPlayed" : 350012
  },
  {
    "endTime" : "2025-03-15 19:00",
    "audiobookName" : "Icebreaker",
    "chapterName" : "Chapter 41: Anastasia",
    "authorName" : "Hannah Grace",
    "msPlayed" : 1904
  },
  {
    "endTime" : "2025-03-17 14:40",
    "audiobookName" : "Icebreaker",
    "chapterName" : "Chapter 41: Anastasia",
    "authorName" : "Hannah Grace",
    "msPlayed" : 0
  },
  {
    "endTime" : "2025-03-17 14:40",
    "audiobookName" : "Icebreaker",
    "chapterName" : "Chapter 40: Nathan",
    "authorName" : "Hannah Grace",
    "msPlayed" : 8335
  },
  {
    "endTime" : "2025-03-17 14:48",
    "audiobookName" : "Icebreaker",
    "chapterName" : "Chapter 41: Anastasia",
    "authorName" : "Hannah Grace",
    "msPlayed" : 491114
  },
  {
    "endTime" : "2025-03-17 14:48",
    "audiobookName" : "Icebreaker",
    "chapterName" : "Chapter 42: Nathan",
    "authorName" : "Hannah Grace",
    "msPlayed" : 478
  },
  {
    "endTime" : "2025-03-18 13:03",
    "audiobookName" : "Icebreaker",
    "chapterName" : "Chapter 43: Anastasia",
    "authorName" : "Hannah Grace",
    "msPlayed" : 695785
  },
  {
    "endTime" : "2025-03-18 13:10",
    "audiobookName" : "Icebreaker",
    "chapterName" : "Chapter 44: Nathan",
    "authorName" : "Hannah Grace",
    "msPlayed" : 414622
  },
  {
    "endTime" : "2025-03-18 13:16",
    "audiobookName" : "Icebreaker",
    "chapterName" : "Chapter 45: Anastasia",
    "authorName" : "Hannah Grace",
    "msPlayed" : 385824
  },
  {
    "endTime" : "2025-03-18 13:17",
    "audiobookName" : "Icebreaker",
    "chapterName" : "Chapter 46: Nathan",
    "authorName" : "Hannah Grace",
    "msPlayed" : 5500
  },
  {
    "endTime" : "2025-03-19 02:28",
    "audiobookName" : "Icebreaker",
    "chapterName" : "Chapter 46: Nathan",
    "authorName" : "Hannah Grace",
    "msPlayed" : 424404
  },
  {
    "endTime" : "2025-03-19 02:35",
    "audiobookName" : "Icebreaker",
    "chapterName" : "Chapter 47: Anastasia",
    "authorName" : "Hannah Grace",
    "msPlayed" : 452427
  },
  {
    "endTime" : "2025-03-19 02:43",
    "audiobookName" : "Icebreaker",
    "chapterName" : "Chapter 48: Nathan",
    "authorName" : "Hannah Grace",
    "msPlayed" : 482293
  },
  {
    "endTime" : "2025-03-19 02:43",
    "audiobookName" : "Icebreaker",
    "chapterName" : "Chapter 49: Anastasia",
    "authorName" : "Hannah Grace",
    "msPlayed" : 2201
  },
  {
    "endTime" : "2025-03-26 15:13",
    "audiobookName" : "Just for the Summer",
    "chapterName" : "Chapter 1: Emma",
    "authorName" : "Abby Jimenez",
    "msPlayed" : 743979
  },
  {
    "endTime" : "2025-03-26 15:19",
    "audiobookName" : "Just for the Summer",
    "chapterName" : "Chapter 2: Justin",
    "authorName" : "Abby Jimenez",
    "msPlayed" : 365932
  },
  {
    "endTime" : "2025-03-26 15:20",
    "audiobookName" : "Just for the Summer",
    "chapterName" : "Chapter 3: Emma",
    "authorName" : "Abby Jimenez",
    "msPlayed" : 9963
  },
  {
    "endTime" : "2025-03-27 16:22",
    "audiobookName" : "Just for the Summer",
    "chapterName" : "Chapter 4: Justin",
    "authorName" : "Abby Jimenez",
    "msPlayed" : 3825
  },
  {
    "endTime" : "2025-03-27 16:22",
    "audiobookName" : "Just for the Summer",
    "chapterName" : "Chapter 3: Emma",
    "authorName" : "Abby Jimenez",
    "msPlayed" : 1362629
  },
  {
    "endTime" : "2025-03-28 05:40",
    "audiobookName" : "Just for the Summer",
    "chapterName" : "Chapter 4: Justin",
    "authorName" : "Abby Jimenez",
    "msPlayed" : 511797
  },
  {
    "endTime" : "2025-03-28 05:57",
    "audiobookName" : "Just for the Summer",
    "chapterName" : "Chapter 5: Emma",
    "authorName" : "Abby Jimenez",
    "msPlayed" : 984014
  },
  {
    "endTime" : "2025-03-28 05:58",
    "audiobookName" : "Just for the Summer",
    "chapterName" : "Chapter 6: Justin",
    "authorName" : "Abby Jimenez",
    "msPlayed" : 61723
  },
  {
    "endTime" : "2025-03-28 06:08",
    "audiobookName" : "Just for the Summer",
    "chapterName" : "Chapter 7: Emma",
    "authorName" : "Abby Jimenez",
    "msPlayed" : 8431
  },
  {
    "endTime" : "2025-04-09 15:25",
    "audiobookName" : "Just for the Summer",
    "chapterName" : "Chapter 8: Justin",
    "authorName" : "Abby Jimenez",
    "msPlayed" : 3721
  },
  {
    "endTime" : "2025-04-09 15:25",
    "audiobookName" : "Just for the Summer",
    "chapterName" : "Chapter 7: Emma",
    "authorName" : "Abby Jimenez",
    "msPlayed" : 963991
  },
  {
    "endTime" : "2025-04-10 15:38",
    "audiobookName" : "Just for the Summer",
    "chapterName" : "Chapter 8: Justin",
    "authorName" : "Abby Jimenez",
    "msPlayed" : 1240965
  },
  {
    "endTime" : "2025-04-10 15:38",
    "audiobookName" : "Just for the Summer",
    "chapterName" : "Chapter 9: Emma",
    "authorName" : "Abby Jimenez",
    "msPlayed" : 2439
  },
  {
    "endTime" : "2025-04-13 02:48",
    "audiobookName" : "Just for the Summer",
    "chapterName" : "Chapter 9: Emma",
    "authorName" : "Abby Jimenez",
    "msPlayed" : 719643
  },
  {
    "endTime" : "2025-04-13 02:57",
    "audiobookName" : "Just for the Summer",
    "chapterName" : "Chapter 10: Justin",
    "authorName" : "Abby Jimenez",
    "msPlayed" : 587848
  },
  {
    "endTime" : "2025-04-13 03:02",
    "audiobookName" : "Just for the Summer",
    "chapterName" : "Chapter 11: Emma",
    "authorName" : "Abby Jimenez",
    "msPlayed" : 297725
  },
  {
    "endTime" : "2025-04-13 03:05",
    "audiobookName" : "Just for the Summer",
    "chapterName" : "Chapter 12: Justin",
    "authorName" : "Abby Jimenez",
    "msPlayed" : 164766
  },
  {
    "endTime" : "2025-04-13 03:05",
    "audiobookName" : "Just for the Summer",
    "chapterName" : "Chapter 13: Emma",
    "authorName" : "Abby Jimenez",
    "msPlayed" : 3148
  },
  {
    "endTime" : "2025-04-14 02:08",
    "audiobookName" : "Just for the Summer",
    "chapterName" : "Chapter 13: Emma",
    "authorName" : "Abby Jimenez",
    "msPlayed" : 296214
  },
  {
    "endTime" : "2025-04-14 02:37",
    "audiobookName" : "Just for the Summer",
    "chapterName" : "Chapter 14: Emma",
    "authorName" : "Abby Jimenez",
    "msPlayed" : 1696865
  },
  {
    "endTime" : "2025-04-14 02:46",
    "audiobookName" : "Just for the Summer",
    "chapterName" : "Chapter 15: Justin",
    "authorName" : "Abby Jimenez",
    "msPlayed" : 513618
  },
  {
    "endTime" : "2025-04-14 02:50",
    "audiobookName" : "Just for the Summer",
    "chapterName" : "Chapter 16: Emma",
    "authorName" : "Abby Jimenez",
    "msPlayed" : 277663
  },
  {
    "endTime" : "2025-04-14 02:58",
    "audiobookName" : "Just for the Summer",
    "chapterName" : "Chapter 17: Justin",
    "authorName" : "Abby Jimenez",
    "msPlayed" : 454444
  },
  {
    "endTime" : "2025-04-14 03:02",
    "audiobookName" : "Just for the Summer",
    "chapterName" : "Chapter 19: Justin",
    "authorName" : "Abby Jimenez",
    "msPlayed" : 3104
  },
  {
    "endTime" : "2025-04-14 03:02",
    "audiobookName" : "Just for the Summer",
    "chapterName" : "Chapter 18: Emma",
    "authorName" : "Abby Jimenez",
    "msPlayed" : 224684
  },
  {
    "endTime" : "2025-04-16 01:38",
    "audiobookName" : "Just for the Summer",
    "chapterName" : "Chapter 19: Justin",
    "authorName" : "Abby Jimenez",
    "msPlayed" : 693419
  },
  {
    "endTime" : "2025-04-16 01:44",
    "audiobookName" : "Just for the Summer",
    "chapterName" : "Chapter 20: Emma",
    "authorName" : "Abby Jimenez",
    "msPlayed" : 355734
  },
  {
    "endTime" : "2025-04-16 01:51",
    "audiobookName" : "Just for the Summer",
    "chapterName" : "Chapter 21: Justin",
    "authorName" : "Abby Jimenez",
    "msPlayed" : 429842
  },
  {
    "endTime" : "2025-04-16 01:56",
    "audiobookName" : "Just for the Summer",
    "chapterName" : "Chapter 22: Emma",
    "authorName" : "Abby Jimenez",
    "msPlayed" : 273235
  },
  {
    "endTime" : "2025-04-16 01:57",
    "audiobookName" : "Just for the Summer",
    "chapterName" : "Chapter 23: Justin",
    "authorName" : "Abby Jimenez",
    "msPlayed" : 91570
  },
  {
    "endTime" : "2025-04-17 01:33",
    "audiobookName" : "Just for the Summer",
    "chapterName" : "Chapter 23: Justin",
    "authorName" : "Abby Jimenez",
    "msPlayed" : 0
  },
  {
    "endTime" : "2025-04-17 01:33",
    "audiobookName" : "Just for the Summer",
    "chapterName" : "Chapter 22: Emma",
    "authorName" : "Abby Jimenez",
    "msPlayed" : 4757
  },
  {
    "endTime" : "2025-04-17 01:38",
    "audiobookName" : "Just for the Summer",
    "chapterName" : "Chapter 23: Justin",
    "authorName" : "Abby Jimenez",
    "msPlayed" : 336714
  },
  {
    "endTime" : "2025-04-17 01:48",
    "audiobookName" : "Just for the Summer",
    "chapterName" : "Chapter 26: Emma",
    "authorName" : "Abby Jimenez",
    "msPlayed" : 2381
  },
  {
    "endTime" : "2025-04-17 01:48",
    "audiobookName" : "Just for the Summer",
    "chapterName" : "Chapter 25: Justin",
    "authorName" : "Abby Jimenez",
    "msPlayed" : 30107
  },
  {
    "endTime" : "2025-04-17 01:48",
    "audiobookName" : "Just for the Summer",
    "chapterName" : "Chapter 24: Emma",
    "authorName" : "Abby Jimenez",
    "msPlayed" : 575451
  },
  {
    "endTime" : "2025-04-22 15:39",
    "audiobookName" : "Just for the Summer",
    "chapterName" : "Chapter 26: Emma",
    "authorName" : "Abby Jimenez",
    "msPlayed" : 1210580
  },
  {
    "endTime" : "2025-04-22 15:49",
    "audiobookName" : "Just for the Summer",
    "chapterName" : "Chapter 27: Justin",
    "authorName" : "Abby Jimenez",
    "msPlayed" : 572603
  },
  {
    "endTime" : "2025-04-22 15:49",
    "audiobookName" : "Just for the Summer",
    "chapterName" : "Chapter 28: Emma",
    "authorName" : "Abby Jimenez",
    "msPlayed" : 1587
  },
  {
    "endTime" : "2025-04-23 15:09",
    "audiobookName" : "Just for the Summer",
    "chapterName" : "Dedication",
    "authorName" : "Abby Jimenez",
    "msPlayed" : 4267
  },
  {
    "endTime" : "2025-04-23 15:16",
    "audiobookName" : "Just for the Summer",
    "chapterName" : "Chapter 28: Emma",
    "authorName" : "Abby Jimenez",
    "msPlayed" : 453005
  },
  {
    "endTime" : "2025-04-23 15:30",
    "audiobookName" : "Just for the Summer",
    "chapterName" : "Chapter 29: Justin",
    "authorName" : "Abby Jimenez",
    "msPlayed" : 803081
  },
  {
    "endTime" : "2025-04-23 15:40",
    "audiobookName" : "Just for the Summer",
    "chapterName" : "Chapter 30: Emma",
    "authorName" : "Abby Jimenez",
    "msPlayed" : 631749
  },
  {
    "endTime" : "2025-04-23 15:44",
    "audiobookName" : "Just for the Summer",
    "chapterName" : "Chapter 32: Emma",
    "authorName" : "Abby Jimenez",
    "msPlayed" : 2815
  },
  {
    "endTime" : "2025-04-23 15:44",
    "audiobookName" : "Just for the Summer",
    "chapterName" : "Chapter 31: Justin",
    "authorName" : "Abby Jimenez",
    "msPlayed" : 235370
  },
  {
    "endTime" : "2025-04-24 01:39",
    "audiobookName" : "Just for the Summer",
    "chapterName" : "Chapter 32: Emma",
    "authorName" : "Abby Jimenez",
    "msPlayed" : 727292
  },
  {
    "endTime" : "2025-04-24 01:43",
    "audiobookName" : "Just for the Summer",
    "chapterName" : "Chapter 33: Justin",
    "authorName" : "Abby Jimenez",
    "msPlayed" : 208235
  },
  {
    "endTime" : "2025-04-24 01:48",
    "audiobookName" : "Just for the Summer",
    "chapterName" : "Chapter 35: Emma",
    "authorName" : "Abby Jimenez",
    "msPlayed" : 5826
  },
  {
    "endTime" : "2025-04-24 01:48",
    "audiobookName" : "Just for the Summer",
    "chapterName" : "Chapter 34: Justin",
    "authorName" : "Abby Jimenez",
    "msPlayed" : 253305
  },
  {
    "endTime" : "2025-04-25 01:26",
    "audiobookName" : "Just for the Summer",
    "chapterName" : "Chapter 35: Emma",
    "authorName" : "Abby Jimenez",
    "msPlayed" : 761086
  },
  {
    "endTime" : "2025-04-25 01:32",
    "audiobookName" : "Just for the Summer",
    "chapterName" : "Chapter 36: Justin",
    "authorName" : "Abby Jimenez",
    "msPlayed" : 361421
  },
  {
    "endTime" : "2025-04-25 01:42",
    "audiobookName" : "Just for the Summer",
    "chapterName" : "Chapter 37: Emma",
    "authorName" : "Abby Jimenez",
    "msPlayed" : 636159
  },
  {
    "endTime" : "2025-04-25 01:42",
    "audiobookName" : "Just for the Summer",
    "chapterName" : "Chapter 38: Emma",
    "authorName" : "Abby Jimenez",
    "msPlayed" : 2563
  },
  {
    "endTime" : "2025-04-27 00:52",
    "audiobookName" : "Just for the Summer",
    "chapterName" : "Chapter 38: Emma",
    "authorName" : "Abby Jimenez",
    "msPlayed" : 657623
  },
  {
    "endTime" : "2025-04-27 00:59",
    "audiobookName" : "Just for the Summer",
    "chapterName" : "Chapter 39: Justin",
    "authorName" : "Abby Jimenez",
    "msPlayed" : 387633
  },
  {
    "endTime" : "2025-04-27 00:59",
    "audiobookName" : "Just for the Summer",
    "chapterName" : "Chapter 40: Emma",
    "authorName" : "Abby Jimenez",
    "msPlayed" : 4496
  },
  {
    "endTime" : "2025-04-29 15:23",
    "audiobookName" : "Just for the Summer",
    "chapterName" : "Chapter 40: Emma",
    "authorName" : "Abby Jimenez",
    "msPlayed" : 1625947
  },
  {
    "endTime" : "2025-04-29 15:30",
    "audiobookName" : "Just for the Summer",
    "chapterName" : "Chapter 41: Emma",
    "authorName" : "Abby Jimenez",
    "msPlayed" : 407787
  },
  {
    "endTime" : "2025-04-29 15:30",
    "audiobookName" : "Just for the Summer",
    "chapterName" : "Chapter 42: Justin",
    "authorName" : "Abby Jimenez",
    "msPlayed" : 1916
  },
  {
    "endTime" : "2025-04-30 01:19",
    "audiobookName" : "Just for the Summer",
    "chapterName" : "Chapter 42: Justin",
    "authorName" : "Abby Jimenez",
    "msPlayed" : 254002
  },
  {
    "endTime" : "2025-04-30 01:26",
    "audiobookName" : "Just for the Summer",
    "chapterName" : "Chapter 43: Emma",
    "authorName" : "Abby Jimenez",
    "msPlayed" : 411592
  },
  {
    "endTime" : "2025-04-30 01:31",
    "audiobookName" : "Just for the Summer",
    "chapterName" : "Chapter 44: Justin",
    "authorName" : "Abby Jimenez",
    "msPlayed" : 330812
  },
  {
    "endTime" : "2025-04-30 01:32",
    "audiobookName" : "Just for the Summer",
    "chapterName" : "Chapter 45: Emma",
    "authorName" : "Abby Jimenez",
    "msPlayed" : 9090
  },
  {
    "endTime" : "2025-04-30 15:33",
    "audiobookName" : "Just for the Summer",
    "chapterName" : "Chapter 45: Emma",
    "authorName" : "Abby Jimenez",
    "msPlayed" : 966057
  },
  {
    "endTime" : "2025-04-30 15:44",
    "audiobookName" : "Just for the Summer",
    "chapterName" : "Chapter 47: Emma",
    "authorName" : "Abby Jimenez",
    "msPlayed" : 3569
  },
  {
    "endTime" : "2025-04-30 15:44",
    "audiobookName" : "Just for the Summer",
    "chapterName" : "Chapter 46: Justin",
    "authorName" : "Abby Jimenez",
    "msPlayed" : 686890
  },
  {
    "endTime" : "2025-05-02 02:04",
    "audiobookName" : "Just for the Summer",
    "chapterName" : "Chapter 47: Emma",
    "authorName" : "Abby Jimenez",
    "msPlayed" : 481478
  },
  {
    "endTime" : "2025-05-02 02:06",
    "audiobookName" : "Just for the Summer",
    "chapterName" : "Epilogue",
    "authorName" : "Abby Jimenez",
    "msPlayed" : 120725
  },
  {
    "endTime" : "2025-05-02 02:07",
    "audiobookName" : "Just for the Summer",
    "chapterName" : "Acknowledgements",
    "authorName" : "Abby Jimenez",
    "msPlayed" : 9681
  },
  {
    "endTime" : "2025-05-02 02:07",
    "audiobookName" : "Just for the Summer",
    "chapterName" : "Q&A with Abby Jimenez",
    "authorName" : "Abby Jimenez",
    "msPlayed" : 1429
  },
  {
    "endTime" : "2025-05-21 15:10",
    "audiobookName" : "It Starts with Us",
    "chapterName" : "Chapter Two: Lily",
    "authorName" : "Colleen Hoover",
    "msPlayed" : 706595
  },
  {
    "endTime" : "2025-05-21 15:13",
    "audiobookName" : "It Starts with Us",
    "chapterName" : "Chapter Three: Atlas",
    "authorName" : "Colleen Hoover",
    "msPlayed" : 185470
  },
  {
    "endTime" : "2025-05-21 15:21",
    "audiobookName" : "It Starts with Us",
    "chapterName" : "Chapter Four: Lily",
    "authorName" : "Colleen Hoover",
    "msPlayed" : 449115
  },
  {
    "endTime" : "2025-05-21 15:26",
    "audiobookName" : "It Starts with Us",
    "chapterName" : "Chapter Six: Lily",
    "authorName" : "Colleen Hoover",
    "msPlayed" : 1446
  },
  {
    "endTime" : "2025-05-21 15:26",
    "audiobookName" : "It Starts with Us",
    "chapterName" : "Chapter Five: Atlas",
    "authorName" : "Colleen Hoover",
    "msPlayed" : 313483
  },
  {
    "endTime" : "2025-05-22 04:59",
    "audiobookName" : "It Starts with Us",
    "chapterName" : "Chapter Six: Lily",
    "authorName" : "Colleen Hoover",
    "msPlayed" : 737920
  },
  {
    "endTime" : "2025-05-22 05:03",
    "audiobookName" : "It Starts with Us",
    "chapterName" : "Chapter Seven: Atlas",
    "authorName" : "Colleen Hoover",
    "msPlayed" : 203181
  },
  {
    "endTime" : "2025-05-22 05:14",
    "audiobookName" : "It Starts with Us",
    "chapterName" : "Chapter Eight: Lily",
    "authorName" : "Colleen Hoover",
    "msPlayed" : 683869
  },
  {
    "endTime" : "2025-05-22 05:16",
    "audiobookName" : "It Starts with Us",
    "chapterName" : "Chapter Nine: Atlas",
    "authorName" : "Colleen Hoover",
    "msPlayed" : 85528
  },
  {
    "endTime" : "2025-05-22 15:56",
    "audiobookName" : "It Starts with Us",
    "chapterName" : "Chapter Nine: Atlas",
    "authorName" : "Colleen Hoover",
    "msPlayed" : 617839
  },
  {
    "endTime" : "2025-05-22 15:59",
    "audiobookName" : "It Starts with Us",
    "chapterName" : "Chapter Ten: Lily",
    "authorName" : "Colleen Hoover",
    "msPlayed" : 207725
  },
  {
    "endTime" : "2025-05-22 16:14",
    "audiobookName" : "It Starts with Us",
    "chapterName" : "Chapter Twelve: Lily",
    "authorName" : "Colleen Hoover",
    "msPlayed" : 1642
  },
  {
    "endTime" : "2025-05-22 16:14",
    "audiobookName" : "It Starts with Us",
    "chapterName" : "Chapter Eleven: Atlas",
    "authorName" : "Colleen Hoover",
    "msPlayed" : 887903
  },
  {
    "endTime" : "2025-05-27 15:05",
    "audiobookName" : "It Starts with Us",
    "chapterName" : "Chapter Twelve: Lily",
    "authorName" : "Colleen Hoover",
    "msPlayed" : 359776
  },
  {
    "endTime" : "2025-05-27 15:28",
    "audiobookName" : "It Starts with Us",
    "chapterName" : "Chapter Twelve: Lily",
    "authorName" : "Colleen Hoover",
    "msPlayed" : 1325523
  },
  {
    "endTime" : "2025-05-27 15:35",
    "audiobookName" : "It Starts with Us",
    "chapterName" : "Chapter Thirteen: Atlas",
    "authorName" : "Colleen Hoover",
    "msPlayed" : 435897
  },
  {
    "endTime" : "2025-05-27 15:35",
    "audiobookName" : "It Starts with Us",
    "chapterName" : "Chapter Fourteen: Lily",
    "authorName" : "Colleen Hoover",
    "msPlayed" : 3318
  },
  {
    "endTime" : "2025-05-28 00:54",
    "audiobookName" : "It Starts with Us",
    "chapterName" : "Chapter Fourteen: Lily",
    "authorName" : "Colleen Hoover",
    "msPlayed" : 225512
  },
  {
    "endTime" : "2025-05-28 01:11",
    "audiobookName" : "It Starts with Us",
    "chapterName" : "Chapter Fifteen: Atlas",
    "authorName" : "Colleen Hoover",
    "msPlayed" : 1009943
  },
  {
    "endTime" : "2025-05-28 01:11",
    "audiobookName" : "It Starts with Us",
    "chapterName" : "Chapter Sixteen: Lily",
    "authorName" : "Colleen Hoover",
    "msPlayed" : 6477
  },
  {
    "endTime" : "2025-05-28 15:11",
    "audiobookName" : "It Starts with Us",
    "chapterName" : "Chapter Sixteen: Lily",
    "authorName" : "Colleen Hoover",
    "msPlayed" : 645708
  },
  {
    "endTime" : "2025-05-28 15:22",
    "audiobookName" : "It Starts with Us",
    "chapterName" : "Chapter Seventeen: Atlas",
    "authorName" : "Colleen Hoover",
    "msPlayed" : 658594
  },
  {
    "endTime" : "2025-05-28 15:32",
    "audiobookName" : "It Starts with Us",
    "chapterName" : "Chapter Eighteen: Lily",
    "authorName" : "Colleen Hoover",
    "msPlayed" : 599120
  },
  {
    "endTime" : "2025-05-28 15:37",
    "audiobookName" : "It Starts with Us",
    "chapterName" : "Chapter Nineteen: Atlas",
    "authorName" : "Colleen Hoover",
    "msPlayed" : 335727
  },
  {
    "endTime" : "2025-05-28 15:48",
    "audiobookName" : "It Starts with Us",
    "chapterName" : "Chapter Twenty: Lily",
    "authorName" : "Colleen Hoover",
    "msPlayed" : 645621
  },
  {
    "endTime" : "2025-05-28 15:52",
    "audiobookName" : "It Starts with Us",
    "chapterName" : "Chapter Twenty-One: Atlas",
    "authorName" : "Colleen Hoover",
    "msPlayed" : 263071
  },
  {
    "endTime" : "2025-05-28 15:53",
    "audiobookName" : "It Starts with Us",
    "chapterName" : "Chapter Twenty-Two: Lily",
    "authorName" : "Colleen Hoover",
    "msPlayed" : 4378
  },
  {
    "endTime" : "2025-05-29 04:40",
    "audiobookName" : "It Starts with Us",
    "chapterName" : "Chapter Twenty-Two: Lily",
    "authorName" : "Colleen Hoover",
    "msPlayed" : 548175
  },
  {
    "endTime" : "2025-05-29 04:45",
    "audiobookName" : "It Starts with Us",
    "chapterName" : "Chapter Twenty-Three: Atlas",
    "authorName" : "Colleen Hoover",
    "msPlayed" : 309743
  },
  {
    "endTime" : "2025-05-29 04:46",
    "audiobookName" : "It Starts with Us",
    "chapterName" : "Chapter Twenty-Seven: Lily",
    "authorName" : "Colleen Hoover",
    "msPlayed" : 3865
  },
  {
    "endTime" : "2025-05-29 15:31",
    "audiobookName" : "It Starts with Us",
    "chapterName" : "Chapter Twenty-Seven: Lily",
    "authorName" : "Colleen Hoover",
    "msPlayed" : 769788
  },
  {
    "endTime" : "2025-05-29 15:45",
    "audiobookName" : "It Starts with Us",
    "chapterName" : "Chapter Twenty-Six: Lily",
    "authorName" : "Colleen Hoover",
    "msPlayed" : 1519
  },
  {
    "endTime" : "2025-05-29 15:45",
    "audiobookName" : "It Starts with Us",
    "chapterName" : "Chapter Twenty-Five: Atlas",
    "authorName" : "Colleen Hoover",
    "msPlayed" : 843285
  },
  {
    "endTime" : "2025-05-29 15:53",
    "audiobookName" : "It Starts with Us",
    "chapterName" : "Chapter Thirty-One: Atlas",
    "authorName" : "Colleen Hoover",
    "msPlayed" : 5867
  },
  {
    "endTime" : "2025-05-29 17:52",
    "audiobookName" : "It Starts with Us",
    "chapterName" : "Chapter Twenty-Six: Lily",
    "authorName" : "Colleen Hoover",
    "msPlayed" : 1749
  },
  {
    "endTime" : "2025-05-30 05:57",
    "audiobookName" : "It Starts with Us",
    "chapterName" : "Chapter Twenty-Six: Lily",
    "authorName" : "Colleen Hoover",
    "msPlayed" : 389297
  },
  {
    "endTime" : "2025-05-30 06:07",
    "audiobookName" : "It Starts with Us",
    "chapterName" : "Chapter Twenty-Seven: Atlas",
    "authorName" : "Colleen Hoover",
    "msPlayed" : 585173
  },
  {
    "endTime" : "2025-05-30 06:07",
    "audiobookName" : "It Starts with Us",
    "chapterName" : "Chapter Twenty-Eight: Lily",
    "authorName" : "Colleen Hoover",
    "msPlayed" : 4113
  },
  {
    "endTime" : "2025-05-30 18:30",
    "audiobookName" : "It Starts with Us",
    "chapterName" : "Chapter Twenty-Eight: Lily",
    "authorName" : "Colleen Hoover",
    "msPlayed" : 1249770
  },
  {
    "endTime" : "2025-05-30 18:36",
    "audiobookName" : "It Starts with Us",
    "chapterName" : "Chapter Twenty-Nine: Atlas",
    "authorName" : "Colleen Hoover",
    "msPlayed" : 373621
  },
  {
    "endTime" : "2025-05-30 18:42",
    "audiobookName" : "It Starts with Us",
    "chapterName" : "Chapter Thirty: Lily",
    "authorName" : "Colleen Hoover",
    "msPlayed" : 389243
  },
  {
    "endTime" : "2025-05-30 18:51",
    "audiobookName" : "It Starts with Us",
    "chapterName" : "Chapter Thirty-One: Atlas",
    "authorName" : "Colleen Hoover",
    "msPlayed" : 540126
  },
  {
    "endTime" : "2025-05-30 18:59",
    "audiobookName" : "It Starts with Us",
    "chapterName" : "Chapter Thirty-Two: Lily",
    "authorName" : "Colleen Hoover",
    "msPlayed" : 471511
  },
  {
    "endTime" : "2025-05-30 18:59",
    "audiobookName" : "It Starts with Us",
    "chapterName" : "Chapter Thirty-Three: Atlas",
    "authorName" : "Colleen Hoover",
    "msPlayed" : 2924
  },
  {
    "endTime" : "2025-05-31 05:00",
    "audiobookName" : "It Starts with Us",
    "chapterName" : "Chapter Thirty-Three: Atlas",
    "authorName" : "Colleen Hoover",
    "msPlayed" : 354602
  },
  {
    "endTime" : "2025-05-31 05:09",
    "audiobookName" : "It Starts with Us",
    "chapterName" : "Chapter Thirty-Four: Lily",
    "authorName" : "Colleen Hoover",
    "msPlayed" : 541780
  },
  {
    "endTime" : "2025-05-31 05:13",
    "audiobookName" : "It Starts with Us",
    "chapterName" : "Chapter Thirty-Five: Atlas",
    "authorName" : "Colleen Hoover",
    "msPlayed" : 237462
  },
  {
    "endTime" : "2025-05-31 05:20",
    "audiobookName" : "It Starts with Us",
    "chapterName" : "Chapter Thirty-Six: Lily",
    "authorName" : "Colleen Hoover",
    "msPlayed" : 395683
  },
  {
    "endTime" : "2025-05-31 05:25",
    "audiobookName" : "It Starts with Us",
    "chapterName" : "Chapter Thirty-Seven: Atlas",
    "authorName" : "Colleen Hoover",
    "msPlayed" : 296911
  },
  {
    "endTime" : "2025-05-31 05:25",
    "audiobookName" : "It Starts with Us",
    "chapterName" : "Ending Credits",
    "authorName" : "Colleen Hoover",
    "msPlayed" : 12968
  },
  {
    "endTime" : "2025-05-31 05:26",
    "audiobookName" : "It Starts with Us",
    "chapterName" : "Extended Excerpt from It Ends with Us",
    "authorName" : "Colleen Hoover",
    "msPlayed" : 44864
  },
  {
    "endTime" : "2025-06-22 02:27",
    "audiobookName" : "The Long Game",
    "chapterName" : "Opening Credits",
    "authorName" : "Elena Armas",
    "msPlayed" : 25663
  },
  {
    "endTime" : "2025-06-22 02:39",
    "audiobookName" : "The Long Game",
    "chapterName" : "Chapter 1",
    "authorName" : "Elena Armas",
    "msPlayed" : 708616
  },
  {
    "endTime" : "2025-06-22 02:51",
    "audiobookName" : "The Long Game",
    "chapterName" : "Chapter 2",
    "authorName" : "Elena Armas",
    "msPlayed" : 628550
  },
  {
    "endTime" : "2025-06-22 02:59",
    "audiobookName" : "The Long Game",
    "chapterName" : "Chapter 3",
    "authorName" : "Elena Armas",
    "msPlayed" : 480106
  },
  {
    "endTime" : "2025-06-22 03:16",
    "audiobookName" : "The Long Game",
    "chapterName" : "Chapter 5",
    "authorName" : "Elena Armas",
    "msPlayed" : 2145
  },
  {
    "endTime" : "2025-06-22 03:16",
    "audiobookName" : "The Long Game",
    "chapterName" : "Chapter 4",
    "authorName" : "Elena Armas",
    "msPlayed" : 880251
  },
  {
    "endTime" : "2025-07-15 14:37",
    "audiobookName" : "The Song of Achilles",
    "chapterName" : "Opening Credits",
    "authorName" : "Madeline Miller",
    "msPlayed" : 22061
  },
  {
    "endTime" : "2025-07-15 14:41",
    "audiobookName" : "The Song of Achilles",
    "chapterName" : "Chapter 1",
    "authorName" : "Madeline Miller",
    "msPlayed" : 239770
  },
  {
    "endTime" : "2025-07-15 14:55",
    "audiobookName" : "The Song of Achilles",
    "chapterName" : "Chapter 3",
    "authorName" : "Madeline Miller",
    "msPlayed" : 2937
  },
  {
    "endTime" : "2025-07-15 14:55",
    "audiobookName" : "The Song of Achilles",
    "chapterName" : "Chapter 2",
    "authorName" : "Madeline Miller",
    "msPlayed" : 841335
  },
  {
    "endTime" : "2025-07-28 05:25",
    "audiobookName" : "The Friend Zone",
    "chapterName" : "Chapter 12: Kristen",
    "authorName" : "Abby Jimenez",
    "msPlayed" : 1003
  },
  {
    "endTime" : "2025-07-28 05:38",
    "audiobookName" : "Wildfire",
    "chapterName" : "Track 3",
    "authorName" : "Hannah Grace",
    "msPlayed" : 636687
  },
  {
    "endTime" : "2025-07-28 05:48",
    "audiobookName" : "Wildfire",
    "chapterName" : "Track 4",
    "authorName" : "Hannah Grace",
    "msPlayed" : 561528
  },
  {
    "endTime" : "2025-07-28 05:59",
    "audiobookName" : "Wildfire",
    "chapterName" : "Track 5",
    "authorName" : "Hannah Grace",
    "msPlayed" : 639393
  },
  {
    "endTime" : "2025-07-28 06:08",
    "audiobookName" : "Wildfire",
    "chapterName" : "Track 6",
    "authorName" : "Hannah Grace",
    "msPlayed" : 536732
  },
  {
    "endTime" : "2025-07-28 18:16",
    "audiobookName" : "Wildfire",
    "chapterName" : "Track 7",
    "authorName" : "Hannah Grace",
    "msPlayed" : 1404
  },
  {
    "endTime" : "2025-07-28 19:24",
    "audiobookName" : "The Friend Zone",
    "chapterName" : "Chapter 12: Kristen",
    "authorName" : "Abby Jimenez",
    "msPlayed" : 529891
  },
  {
    "endTime" : "2025-07-28 19:32",
    "audiobookName" : "The Friend Zone",
    "chapterName" : "Chapter 13: Josh",
    "authorName" : "Abby Jimenez",
    "msPlayed" : 468079
  },
  {
    "endTime" : "2025-07-28 19:33",
    "audiobookName" : "The Friend Zone",
    "chapterName" : "Chapter 14: Kristen",
    "authorName" : "Abby Jimenez",
    "msPlayed" : 875
  },
  {
    "endTime" : "2025-07-29 04:53",
    "audiobookName" : "Wildfire",
    "chapterName" : "Track 7",
    "authorName" : "Hannah Grace",
    "msPlayed" : 522877
  },
  {
    "endTime" : "2025-07-29 05:00",
    "audiobookName" : "Wildfire",
    "chapterName" : "Track 8",
    "authorName" : "Hannah Grace",
    "msPlayed" : 297611
  },
  {
    "endTime" : "2025-07-29 05:03",
    "audiobookName" : "Wildfire",
    "chapterName" : "Track 8",
    "authorName" : "Hannah Grace",
    "msPlayed" : 194192
  },
  {
    "endTime" : "2025-07-29 05:11",
    "audiobookName" : "Wildfire",
    "chapterName" : "Track 9",
    "authorName" : "Hannah Grace",
    "msPlayed" : 441591
  },
  {
    "endTime" : "2025-07-29 05:19",
    "audiobookName" : "Wildfire",
    "chapterName" : "Track 10",
    "authorName" : "Hannah Grace",
    "msPlayed" : 496980
  },
  {
    "endTime" : "2025-07-29 05:26",
    "audiobookName" : "Wildfire",
    "chapterName" : "Track 11",
    "authorName" : "Hannah Grace",
    "msPlayed" : 405188
  },
  {
    "endTime" : "2025-07-29 13:30",
    "audiobookName" : "Wildfire",
    "chapterName" : "Track 12",
    "authorName" : "Hannah Grace",
    "msPlayed" : 720
  },
  {
    "endTime" : "2025-07-29 14:45",
    "audiobookName" : "The Song of Achilles",
    "chapterName" : "Chapter 3",
    "authorName" : "Madeline Miller",
    "msPlayed" : 796926
  },
  {
    "endTime" : "2025-07-29 14:45",
    "audiobookName" : "The Song of Achilles",
    "chapterName" : "Chapter 4",
    "authorName" : "Madeline Miller",
    "msPlayed" : 1571
  },
  {
    "endTime" : "2025-07-30 13:30",
    "audiobookName" : "The Friend Zone",
    "chapterName" : "Chapter 14: Kristen",
    "authorName" : "Abby Jimenez",
    "msPlayed" : 430290
  },
  {
    "endTime" : "2025-07-30 14:45",
    "audiobookName" : "The Friend Zone",
    "chapterName" : "Chapter 14: Kristen",
    "authorName" : "Abby Jimenez",
    "msPlayed" : 448544
  },
  {
    "endTime" : "2025-07-30 14:45",
    "audiobookName" : "The Friend Zone",
    "chapterName" : "Chapter 15: Josh",
    "authorName" : "Abby Jimenez",
    "msPlayed" : 928
  },
  {
    "endTime" : "2025-07-31 03:50",
    "audiobookName" : "Wildfire",
    "chapterName" : "Track 12",
    "authorName" : "Hannah Grace",
    "msPlayed" : 797882
  },
  {
    "endTime" : "2025-07-31 03:50",
    "audiobookName" : "Wildfire",
    "chapterName" : "Track 13",
    "authorName" : "Hannah Grace",
    "msPlayed" : 2599
  },
  {
    "endTime" : "2025-07-31 03:53",
    "audiobookName" : "Wildfire",
    "chapterName" : "Track 12",
    "authorName" : "Hannah Grace",
    "msPlayed" : 14827
  },
  {
    "endTime" : "2025-07-31 03:53",
    "audiobookName" : "Wildfire",
    "chapterName" : "Track 11",
    "authorName" : "Hannah Grace",
    "msPlayed" : 147093
  },
  {
    "endTime" : "2025-07-31 04:03",
    "audiobookName" : "Wildfire",
    "chapterName" : "Track 13",
    "authorName" : "Hannah Grace",
    "msPlayed" : 585733
  },
  {
    "endTime" : "2025-07-31 13:33",
    "audiobookName" : "Wildfire",
    "chapterName" : "Track 14",
    "authorName" : "Hannah Grace",
    "msPlayed" : 0
  },
  {
    "endTime" : "2025-07-31 15:30",
    "audiobookName" : "The Friend Zone",
    "chapterName" : "Chapter 15: Josh",
    "authorName" : "Abby Jimenez",
    "msPlayed" : 702169
  },
  {
    "endTime" : "2025-07-31 15:38",
    "audiobookName" : "The Friend Zone",
    "chapterName" : "Chapter 16: Kristen",
    "authorName" : "Abby Jimenez",
    "msPlayed" : 488143
  },
  {
    "endTime" : "2025-07-31 15:39",
    "audiobookName" : "The Friend Zone",
    "chapterName" : "Chapter 17: Josh",
    "authorName" : "Abby Jimenez",
    "msPlayed" : 2515
  },
  {
    "endTime" : "2025-08-10 04:03",
    "audiobookName" : "Wildfire",
    "chapterName" : "Track 18",
    "authorName" : "Hannah Grace",
    "msPlayed" : 574469
  },
  {
    "endTime" : "2025-08-10 15:12",
    "audiobookName" : "Wildfire",
    "chapterName" : "Track 19",
    "authorName" : "Hannah Grace",
    "msPlayed" : 3667
  },
  {
    "endTime" : "2025-08-11 00:28",
    "audiobookName" : "The Friend Zone",
    "chapterName" : "Chapter 20: Kristen",
    "authorName" : "Abby Jimenez",
    "msPlayed" : 411192
  },
  {
    "endTime" : "2025-08-11 00:31",
    "audiobookName" : "The Friend Zone",
    "chapterName" : "Chapter 21: Josh",
    "authorName" : "Abby Jimenez",
    "msPlayed" : 177192
  },
  {
    "endTime" : "2025-08-11 01:51",
    "audiobookName" : "The Friend Zone",
    "chapterName" : "Chapter 22: Kristen",
    "authorName" : "Abby Jimenez",
    "msPlayed" : 242036
  },
  {
    "endTime" : "2025-08-11 02:03",
    "audiobookName" : "The Friend Zone",
    "chapterName" : "Chapter 22: Kristen",
    "authorName" : "Abby Jimenez",
    "msPlayed" : 585100
  },
  {
    "endTime" : "2025-08-11 03:20",
    "audiobookName" : "The Friend Zone",
    "chapterName" : "Chapter 23: Josh",
    "authorName" : "Abby Jimenez",
    "msPlayed" : 1360
  },
  {
    "endTime" : "2025-08-11 14:43",
    "audiobookName" : "The Friend Zone",
    "chapterName" : "Chapter 23: Josh",
    "authorName" : "Abby Jimenez",
    "msPlayed" : 295720
  },
  {
    "endTime" : "2025-08-11 14:50",
    "audiobookName" : "The Friend Zone",
    "chapterName" : "Chapter 24: Kristen",
    "authorName" : "Abby Jimenez",
    "msPlayed" : 394960
  },
  {
    "endTime" : "2025-08-11 14:50",
    "audiobookName" : "The Friend Zone",
    "chapterName" : "Chapter 25: Josh",
    "authorName" : "Abby Jimenez",
    "msPlayed" : 1188
  },
  {
    "endTime" : "2025-08-13 04:17",
    "audiobookName" : "The Friend Zone",
    "chapterName" : "Chapter 25: Josh",
    "authorName" : "Abby Jimenez",
    "msPlayed" : 440375
  },
  {
    "endTime" : "2025-08-13 04:28",
    "audiobookName" : "The Friend Zone",
    "chapterName" : "Chapter 26: Kristen",
    "authorName" : "Abby Jimenez",
    "msPlayed" : 690993
  },
  {
    "endTime" : "2025-08-13 04:32",
    "audiobookName" : "The Friend Zone",
    "chapterName" : "Chapter 27: Josh",
    "authorName" : "Abby Jimenez",
    "msPlayed" : 241285
  },
  {
    "endTime" : "2025-08-13 04:32",
    "audiobookName" : "The Friend Zone",
    "chapterName" : "Chapter 28: Kristen",
    "authorName" : "Abby Jimenez",
    "msPlayed" : 2951
  },
  {
    "endTime" : "2025-08-14 15:31",
    "audiobookName" : "The Friend Zone",
    "chapterName" : "Chapter 28: Kristen",
    "authorName" : "Abby Jimenez",
    "msPlayed" : 1008853
  },
  {
    "endTime" : "2025-08-14 15:33",
    "audiobookName" : "The Friend Zone",
    "chapterName" : "Chapter 29: Josh",
    "authorName" : "Abby Jimenez",
    "msPlayed" : 131950
  },
  {
    "endTime" : "2025-08-14 15:40",
    "audiobookName" : "The Friend Zone",
    "chapterName" : "Chapter 30: Kristen",
    "authorName" : "Abby Jimenez",
    "msPlayed" : 429413
  },
  {
    "endTime" : "2025-08-14 15:40",
    "audiobookName" : "The Friend Zone",
    "chapterName" : "Chapter 31: Josh",
    "authorName" : "Abby Jimenez",
    "msPlayed" : 2917
  },
  {
    "endTime" : "2025-08-15 06:14",
    "audiobookName" : "The Friend Zone",
    "chapterName" : "Chapter 31: Josh",
    "authorName" : "Abby Jimenez",
    "msPlayed" : 960995
  },
  {
    "endTime" : "2025-08-15 06:22",
    "audiobookName" : "The Friend Zone",
    "chapterName" : "Chapter 33: Josh",
    "authorName" : "Abby Jimenez",
    "msPlayed" : 2329
  },
  {
    "endTime" : "2025-08-15 06:22",
    "audiobookName" : "The Friend Zone",
    "chapterName" : "Chapter 32: Kristen",
    "authorName" : "Abby Jimenez",
    "msPlayed" : 444936
  },
  {
    "endTime" : "2025-08-18 13:29",
    "audiobookName" : "The Friend Zone",
    "chapterName" : "Chapter 33: Josh",
    "authorName" : "Abby Jimenez",
    "msPlayed" : 459413
  },
  {
    "endTime" : "2025-08-18 13:34",
    "audiobookName" : "The Friend Zone",
    "chapterName" : "Chapter 34: Kristen",
    "authorName" : "Abby Jimenez",
    "msPlayed" : 337956
  },
  {
    "endTime" : "2025-08-18 13:40",
    "audiobookName" : "The Friend Zone",
    "chapterName" : "Chapter 35: Josh",
    "authorName" : "Abby Jimenez",
    "msPlayed" : 356493
  },
  {
    "endTime" : "2025-08-18 13:50",
    "audiobookName" : "The Friend Zone",
    "chapterName" : "Chapter 36: Kristen",
    "authorName" : "Abby Jimenez",
    "msPlayed" : 590473
  },
  {
    "endTime" : "2025-08-18 14:04",
    "audiobookName" : "The Friend Zone",
    "chapterName" : "Chapter 37: Josh",
    "authorName" : "Abby Jimenez",
    "msPlayed" : 830451
  },
  {
    "endTime" : "2025-08-18 14:18",
    "audiobookName" : "The Friend Zone",
    "chapterName" : "Chapter 38: Kristen",
    "authorName" : "Abby Jimenez",
    "msPlayed" : 859134
  },
  {
    "endTime" : "2025-08-18 14:22",
    "audiobookName" : "The Friend Zone",
    "chapterName" : "Chapter 39: Josh",
    "authorName" : "Abby Jimenez",
    "msPlayed" : 212493
  },
  {
    "endTime" : "2025-08-18 14:27",
    "audiobookName" : "The Friend Zone",
    "chapterName" : "Chapter 40: Kristen",
    "authorName" : "Abby Jimenez",
    "msPlayed" : 309779
  },
  {
    "endTime" : "2025-08-18 14:35",
    "audiobookName" : "The Friend Zone",
    "chapterName" : "Chapter 41: Kristen",
    "authorName" : "Abby Jimenez",
    "msPlayed" : 502702
  },
  {
    "endTime" : "2025-08-18 14:42",
    "audiobookName" : "The Friend Zone",
    "chapterName" : "Epilogue: Josh",
    "authorName" : "Abby Jimenez",
    "msPlayed" : 420421
  },
  {
    "endTime" : "2025-08-20 00:39",
    "audiobookName" : "Happy Place",
    "chapterName" : "Opening Credits",
    "authorName" : "Emily Henry",
    "msPlayed" : 300
  },
  {
    "endTime" : "2025-08-20 00:41",
    "audiobookName" : "Happy Place",
    "chapterName" : "Chapter 1",
    "authorName" : "Emily Henry",
    "msPlayed" : 136820
  },
  {
    "endTime" : "2025-08-20 00:49",
    "audiobookName" : "Happy Place",
    "chapterName" : "Chapter 2",
    "authorName" : "Emily Henry",
    "msPlayed" : 516482
  },
  {
    "endTime" : "2025-08-20 00:58",
    "audiobookName" : "Happy Place",
    "chapterName" : "Chapter 3",
    "authorName" : "Emily Henry",
    "msPlayed" : 501405
  },
  {
    "endTime" : "2025-08-20 01:03",
    "audiobookName" : "Happy Place",
    "chapterName" : "Chapter 4",
    "authorName" : "Emily Henry",
    "msPlayed" : 668
  },
  {
    "endTime" : "2025-08-20 15:09",
    "audiobookName" : "Happy Place",
    "chapterName" : "Chapter 4",
    "authorName" : "Emily Henry",
    "msPlayed" : 772834
  },
  {
    "endTime" : "2025-08-20 15:23",
    "audiobookName" : "Happy Place",
    "chapterName" : "Chapter 5",
    "authorName" : "Emily Henry",
    "msPlayed" : 840783
  },
  {
    "endTime" : "2025-08-20 15:23",
    "audiobookName" : "Happy Place",
    "chapterName" : "Chapter 6",
    "authorName" : "Emily Henry",
    "msPlayed" : 2872
  },
  {
    "endTime" : "2025-08-26 15:30",
    "audiobookName" : "Happy Place",
    "chapterName" : "Chapter 7",
    "authorName" : "Emily Henry",
    "msPlayed" : 730
  },
  {
    "endTime" : "2025-08-26 15:30",
    "audiobookName" : "Happy Place",
    "chapterName" : "Chapter 6",
    "authorName" : "Emily Henry",
    "msPlayed" : 1061041
  },
  {
    "endTime" : "2025-08-27 01:32",
    "audiobookName" : "Happy Place",
    "chapterName" : "Chapter 7",
    "authorName" : "Emily Henry",
    "msPlayed" : 1440524
  },
  {
    "endTime" : "2025-08-27 01:39",
    "audiobookName" : "Happy Place",
    "chapterName" : "Chapter 9",
    "authorName" : "Emily Henry",
    "msPlayed" : 1048
  },
  {
    "endTime" : "2025-08-27 01:39",
    "audiobookName" : "Happy Place",
    "chapterName" : "Chapter 8",
    "authorName" : "Emily Henry",
    "msPlayed" : 366685
  },
  {
    "endTime" : "2025-08-27 15:48",
    "audiobookName" : "Happy Place",
    "chapterName" : "Chapter 9",
    "authorName" : "Emily Henry",
    "msPlayed" : 892450
  },
  {
    "endTime" : "2025-08-27 15:52",
    "audiobookName" : "Happy Place",
    "chapterName" : "Chapter 11",
    "authorName" : "Emily Henry",
    "msPlayed" : 1675
  },
  {
    "endTime" : "2025-08-27 15:52",
    "audiobookName" : "Happy Place",
    "chapterName" : "Chapter 10",
    "authorName" : "Emily Henry",
    "msPlayed" : 238591
  },
  {
    "endTime" : "2025-08-28 02:59",
    "audiobookName" : "Happy Place",
    "chapterName" : "Chapter 11",
    "authorName" : "Emily Henry",
    "msPlayed" : 385792
  },
  {
    "endTime" : "2025-08-28 02:59",
    "audiobookName" : "Happy Place",
    "chapterName" : "Chapter 10",
    "authorName" : "Emily Henry",
    "msPlayed" : 1301
  },
  {
    "endTime" : "2025-08-28 03:20",
    "audiobookName" : "Happy Place",
    "chapterName" : "Chapter 11",
    "authorName" : "Emily Henry",
    "msPlayed" : 1266135
  },
  {
    "endTime" : "2025-08-28 03:20",
    "audiobookName" : "Happy Place",
    "chapterName" : "Chapter 12",
    "authorName" : "Emily Henry",
    "msPlayed" : 3914
  },
  {
    "endTime" : "2025-08-28 15:29",
    "audiobookName" : "Happy Place",
    "chapterName" : "Chapter 12",
    "authorName" : "Emily Henry",
    "msPlayed" : 939060
  },
  {
    "endTime" : "2025-08-28 15:36",
    "audiobookName" : "Happy Place",
    "chapterName" : "Chapter 14",
    "authorName" : "Emily Henry",
    "msPlayed" : 3438
  },
  {
    "endTime" : "2025-08-28 15:36",
    "audiobookName" : "Happy Place",
    "chapterName" : "Chapter 13",
    "authorName" : "Emily Henry",
    "msPlayed" : 425930
  },
  {
    "endTime" : "2025-08-29 01:17",
    "audiobookName" : "Happy Place",
    "chapterName" : "Chapter 15",
    "authorName" : "Emily Henry",
    "msPlayed" : 1831
  },
  {
    "endTime" : "2025-08-29 01:17",
    "audiobookName" : "Happy Place",
    "chapterName" : "Chapter 14",
    "authorName" : "Emily Henry",
    "msPlayed" : 533869
  },
  {
    "endTime" : "2025-08-29 01:17",
    "audiobookName" : "Happy Place",
    "chapterName" : "Chapter 14",
    "authorName" : "Emily Henry",
    "msPlayed" : 1380
  },
  {
    "endTime" : "2025-08-29 01:18",
    "audiobookName" : "Happy Place",
    "chapterName" : "Chapter 15",
    "authorName" : "Emily Henry",
    "msPlayed" : 1250
  },
  {
    "endTime" : "2025-09-02 15:29",
    "audiobookName" : "Happy Place",
    "chapterName" : "Chapter 15",
    "authorName" : "Emily Henry",
    "msPlayed" : 793446
  },
  {
    "endTime" : "2025-09-02 15:33",
    "audiobookName" : "Happy Place",
    "chapterName" : "Chapter 16",
    "authorName" : "Emily Henry",
    "msPlayed" : 280765
  },
  {
    "endTime" : "2025-09-02 15:46",
    "audiobookName" : "Happy Place",
    "chapterName" : "Chapter 18",
    "authorName" : "Emily Henry",
    "msPlayed" : 527
  },
  {
    "endTime" : "2025-09-02 15:46",
    "audiobookName" : "Happy Place",
    "chapterName" : "Chapter 17",
    "authorName" : "Emily Henry",
    "msPlayed" : 763263
  },
  {
    "endTime" : "2025-09-03 01:12",
    "audiobookName" : "Happy Place",
    "chapterName" : "Chapter 18",
    "authorName" : "Emily Henry",
    "msPlayed" : 557230
  },
  {
    "endTime" : "2025-09-03 01:13",
    "audiobookName" : "Happy Place",
    "chapterName" : "Chapter 19",
    "authorName" : "Emily Henry",
    "msPlayed" : 447
  },
  {
    "endTime" : "2025-09-03 15:03",
    "audiobookName" : "Happy Place",
    "chapterName" : "Chapter 15",
    "authorName" : "Emily Henry",
    "msPlayed" : 18742
  },
  {
    "endTime" : "2025-09-03 15:27",
    "audiobookName" : "Happy Place",
    "chapterName" : "Chapter 19",
    "authorName" : "Emily Henry",
    "msPlayed" : 1423761
  },
  {
    "endTime" : "2025-09-03 15:34",
    "audiobookName" : "Happy Place",
    "chapterName" : "Chapter 20",
    "authorName" : "Emily Henry",
    "msPlayed" : 457681
  },
  {
    "endTime" : "2025-09-03 15:43",
    "audiobookName" : "Happy Place",
    "chapterName" : "Chapter 21",
    "authorName" : "Emily Henry",
    "msPlayed" : 490890
  },
  {
    "endTime" : "2025-09-04 01:57",
    "audiobookName" : "Happy Place",
    "chapterName" : "Chapter 22",
    "authorName" : "Emily Henry",
    "msPlayed" : 60375
  },
  {
    "endTime" : "2025-09-06 16:39",
    "audiobookName" : "Happy Place",
    "chapterName" : "Chapter 17",
    "authorName" : "Emily Henry",
    "msPlayed" : 9343
  },
  {
    "endTime" : "2025-09-06 16:39",
    "audiobookName" : "Happy Place",
    "chapterName" : "Chapter 22",
    "authorName" : "Emily Henry",
    "msPlayed" : 54251
  },
  {
    "endTime" : "2025-09-06 16:47",
    "audiobookName" : "Happy Place",
    "chapterName" : "Chapter 23",
    "authorName" : "Emily Henry",
    "msPlayed" : 5319
  },
  {
    "endTime" : "2025-09-06 16:47",
    "audiobookName" : "Happy Place",
    "chapterName" : "Chapter 22",
    "authorName" : "Emily Henry",
    "msPlayed" : 452123
  },
  {
    "endTime" : "2025-09-24 15:29",
    "audiobookName" : "Happy Place",
    "chapterName" : "Chapter 23",
    "authorName" : "Emily Henry",
    "msPlayed" : 994810
  },
  {
    "endTime" : "2025-09-24 15:36",
    "audiobookName" : "Happy Place",
    "chapterName" : "Chapter 24",
    "authorName" : "Emily Henry",
    "msPlayed" : 408437
  },
  {
    "endTime" : "2025-09-24 15:38",
    "audiobookName" : "Happy Place",
    "chapterName" : "Chapter 25",
    "authorName" : "Emily Henry",
    "msPlayed" : 163325
  },
  {
    "endTime" : "2025-09-24 15:41",
    "audiobookName" : "Happy Place",
    "chapterName" : "Chapter 27",
    "authorName" : "Emily Henry",
    "msPlayed" : 2189
  },
  {
    "endTime" : "2025-09-24 15:41",
    "audiobookName" : "Happy Place",
    "chapterName" : "Chapter 26",
    "authorName" : "Emily Henry",
    "msPlayed" : 168266
  },
  {
    "endTime" : "2025-09-27 16:37",
    "audiobookName" : "Happy Place",
    "chapterName" : "Chapter 27",
    "authorName" : "Emily Henry",
    "msPlayed" : 720953
  },
  {
    "endTime" : "2025-09-27 16:47",
    "audiobookName" : "Happy Place",
    "chapterName" : "Chapter 28",
    "authorName" : "Emily Henry",
    "msPlayed" : 608943
  },
  {
    "endTime" : "2025-09-27 17:07",
    "audiobookName" : "Happy Place",
    "chapterName" : "Chapter 29",
    "authorName" : "Emily Henry",
    "msPlayed" : 1191255
  },
  {
    "endTime" : "2025-09-27 17:07",
    "audiobookName" : "Happy Place",
    "chapterName" : "Chapter 30",
    "authorName" : "Emily Henry",
    "msPlayed" : 1402
  },
  {
    "endTime" : "2025-09-27 22:49",
    "audiobookName" : "Happy Place",
    "chapterName" : "Chapter 30",
    "authorName" : "Emily Henry",
    "msPlayed" : 416271
  },
  {
    "endTime" : "2025-09-27 22:56",
    "audiobookName" : "Happy Place",
    "chapterName" : "Chapter 31",
    "authorName" : "Emily Henry",
    "msPlayed" : 387292
  },
  {
    "endTime" : "2025-09-27 23:14",
    "audiobookName" : "Happy Place",
    "chapterName" : "Chapter 32",
    "authorName" : "Emily Henry",
    "msPlayed" : 1100926
  },
  {
    "endTime" : "2025-09-27 23:24",
    "audiobookName" : "Happy Place",
    "chapterName" : "Chapter 33",
    "authorName" : "Emily Henry",
    "msPlayed" : 600961
  },
  {
    "endTime" : "2025-09-27 23:28",
    "audiobookName" : "Happy Place",
    "chapterName" : "Chapter 34",
    "authorName" : "Emily Henry",
    "msPlayed" : 115
  },
  {
    "endTime" : "2025-09-28 03:14",
    "audiobookName" : "Happy Place",
    "chapterName" : "Chapter 34",
    "authorName" : "Emily Henry",
    "msPlayed" : 944933
  },
  {
    "endTime" : "2025-09-28 03:30",
    "audiobookName" : "Happy Place",
    "chapterName" : "Chapter 35",
    "authorName" : "Emily Henry",
    "msPlayed" : 1454
  },
  {
    "endTime" : "2025-09-28 20:27",
    "audiobookName" : "Happy Place",
    "chapterName" : "Chapter 35",
    "authorName" : "Emily Henry",
    "msPlayed" : 537119
  },
  {
    "endTime" : "2025-09-28 21:06",
    "audiobookName" : "Happy Place",
    "chapterName" : "Chapter 36",
    "authorName" : "Emily Henry",
    "msPlayed" : 0
  },
  {
    "endTime" : "2025-09-28 21:10",
    "audiobookName" : "Happy Place",
    "chapterName" : "Chapter 36",
    "authorName" : "Emily Henry",
    "msPlayed" : 214267
  },
  {
    "endTime" : "2025-09-28 21:13",
    "audiobookName" : "Happy Place",
    "chapterName" : "Chapter 37",
    "authorName" : "Emily Henry",
    "msPlayed" : 165104
  },
  {
    "endTime" : "2025-09-30 02:15",
    "audiobookName" : "Happy Place",
    "chapterName" : "Chapter 38",
    "authorName" : "Emily Henry",
    "msPlayed" : 0
  },
  {
    "endTime" : "2025-09-30 15:03",
    "audiobookName" : "Happy Place",
    "chapterName" : "Chapter 38",
    "authorName" : "Emily Henry",
    "msPlayed" : 349882
  },
  {
    "endTime" : "2025-09-30 15:11",
    "audiobookName" : "Happy Place",
    "chapterName" : "Chapter 39",
    "authorName" : "Emily Henry",
    "msPlayed" : 458988
  },
  {
    "endTime" : "2025-09-30 15:16",
    "audiobookName" : "Happy Place",
    "chapterName" : "Chapter 40",
    "authorName" : "Emily Henry",
    "msPlayed" : 283246
  },
  {
    "endTime" : "2025-09-30 15:16",
    "audiobookName" : "Happy Place",
    "chapterName" : "Ending Credits",
    "authorName" : "Emily Henry",
    "msPlayed" : 18005
  },
  {
    "endTime" : "2025-10-01 19:42",
    "audiobookName" : "Daydream",
    "chapterName" : "Chapter 1: Halle",
    "authorName" : "Hannah Grace",
    "msPlayed" : 655862
  },
  {
    "endTime" : "2025-10-02 04:22",
    "audiobookName" : "Daydream",
    "chapterName" : "Chapter 3: Halle",
    "authorName" : "Hannah Grace",
    "msPlayed" : 9063
  },
  {
    "endTime" : "2025-10-02 04:22",
    "audiobookName" : "Daydream",
    "chapterName" : "Chapter 2: Henry",
    "authorName" : "Hannah Grace",
    "msPlayed" : 1300853
  },
  {
    "endTime" : "2025-10-03 02:54",
    "audiobookName" : "Daydream",
    "chapterName" : "Chapter 2: Henry",
    "authorName" : "Hannah Grace",
    "msPlayed" : 4759
  },
  {
    "endTime" : "2025-10-04 20:18",
    "audiobookName" : "Daydream",
    "chapterName" : "Chapter 3: Halle",
    "authorName" : "Hannah Grace",
    "msPlayed" : 1410394
  },
  {
    "endTime" : "2025-10-04 20:19",
    "audiobookName" : "Daydream",
    "chapterName" : "Chapter 4: Halle",
    "authorName" : "Hannah Grace",
    "msPlayed" : 2545
  },
  {
    "endTime" : "2025-10-05 05:36",
    "audiobookName" : "Daydream",
    "chapterName" : "Chapter 4: Halle",
    "authorName" : "Hannah Grace",
    "msPlayed" : 1039012
  },
  {
    "endTime" : "2025-10-05 05:50",
    "audiobookName" : "Daydream",
    "chapterName" : "Chapter 6: Halle",
    "authorName" : "Hannah Grace",
    "msPlayed" : 1002
  },
  {
    "endTime" : "2025-10-05 05:50",
    "audiobookName" : "Daydream",
    "chapterName" : "Chapter 5: Henry",
    "authorName" : "Hannah Grace",
    "msPlayed" : 818886
  }
]