{
  "topArtists": {
    "numUniqueArtists": 1904,
    "topArtists": [
      {
        "artistUri": "spotify:artist:7nqOGRxlXj7N2JYbgNEjYH"
      },
      {
        "artistUri": "spotify:artist:7f4ignuCJhLXfZ9giKT7rH"
      },
      {
        "artistUri": "spotify:artist:68KmkJeZGfwe1OUaivBa2L"
      },
      {
        "artistUri": "spotify:artist:1McMsnEElThX1knmY4oliG"
      },
      {
        "artistUri": "spotify:artist:3Nrfpe0tUJi4K4DXYWgMUX"
      }
    ],
    "topArtistMilliseconds": 221815655,
    "topArtistFanPercentage": 0.01080373
  },
  "topPodcasts": {
    "topPodcastsUri": [
    ],
    "topPodcastPercentage": 0.0,
    "totalPodcastMilliseconds": 15893416
  },
  "topTracks": {
    "topTracks": [
      "spotify:track:5EtiQveQFQy0R05hLVDyKv",
      "spotify:track:1kuGVB7EU95pJObxwvfwKS",
      "spotify:track:5KyOUICJIvO0z71MBdPGiX",
      "spotify:track:0Tp6ugHFtCiZZWSRJx9Koq",
      "spotify:track:63Q9hAFTga7rqYRrAhwIyR"
    ],
    "topTrackPlayCount": 94,
    "topTrackFirstPlayedDate": "2024-01-01",
    "distinctTracksPlayed": 4106
  },
  "yearlyMetrics": {
    "totalMsListened": 4197213822,
    "mostListenedDay": "2024-11-12",
    "mostListenedDayMinutes": 1440.0,
    "percentGreaterThanWorldwideUsers": 97.939896
  },
  "musicEvolution": {
    "eras": [
      {
        "key": "0",
        "peakMonth": 4,
        "color": "red-yellow",
        "genre": "house",
        "mood": "academic",
        "descriptor": "catwalk",
        "pivotalArtists": [
          "spotify:artist:1VJ0briNOlXRtJUAzoUJdt",
          "spotify:artist:7tm9Tuc70geXOOyKhtZHIj",
          "spotify:artist:5Igpc9iLZ3YGtKeYfSrrOE"
        ],
        "tracks": [
          {
            "trackName": "TAKE IT OFF",
            "trackUri": "spotify:track:7zp9FOU4cjFdGN1zdWTvcB"
          },
          {
            "trackName": "Ya Kidding",
            "trackUri": "spotify:track:23u8Srx4MNpBjrM66Tj7On"
          },
          {
            "trackName": "Stop It",
            "trackUri": "spotify:track:627JZ3dVd88Xc5IoHOeNT5"
          }
        ]
      },
      {
        "key": "1",
        "peakMonth": 7,
        "color": "red-blue",
        "genre": "k-pop",
        "mood": "hallyu",
        "descriptor": "noise",
        "pivotalArtists": [
          "spotify:artist:7nqOGRxlXj7N2JYbgNEjYH",
          "spotify:artist:7f4ignuCJhLXfZ9giKT7rH",
          "spotify:artist:68KmkJeZGfwe1OUaivBa2L"
        ],
        "tracks": [
          {
            "trackName": "Fact Check",
            "trackUri": "spotify:track:5EtiQveQFQy0R05hLVDyKv"
          },
          {
            "trackName": "BOUNCY (K-HOT CHILLI PEPPERS)",
            "trackUri": "spotify:track:5KyOUICJIvO0z71MBdPGiX"
          },
          {
            "trackName": "Baggy Jeans",
            "trackUri": "spotify:track:0Tp6ugHFtCiZZWSRJx9Koq"
          }
        ]
      },
      {
        "key": "2",
        "peakMonth": 8,
        "color": "red",
        "genre": "pop",
        "mood": "pink pilates princess",
        "descriptor": "vogue",
        "pivotalArtists": [
          "spotify:artist:1McMsnEElThX1knmY4oliG",
          "spotify:artist:66CXWjxzNUsdJxJ2JdwvnR",
          "spotify:artist:25uiPmTg16RbhZWAqwLBy5"
        ],
        "tracks": [
          {
            "trackName": "vampire",
            "trackUri": "spotify:track:1kuGVB7EU95pJObxwvfwKS"
          },
          {
            "trackName": "Can’t Catch Me Now - from The Hunger Games: The Ballad of Songbirds & Snakes",
            "trackUri": "spotify:track:56xHMIfQPoe0prrSi3BGhf"
          },
          {
            "trackName": "Please Please Please",
            "trackUri": "spotify:track:2tHwzyyOLoWSFqYNjeVMzj"
          }
        ]
      }
    ]
  }
}