{
  "tracks": [
    {
      "artist": "Demi Lovato",
      "album": "Heart Attack",
      "track": "Heart Attack - Rock Version",
      "uri": "spotify:track:6qgwX7o1fYLwbikNrddmFo"
    },
    {
      "artist": "Adam Hicks",
      "album": "Lemonade Mouth",
      "track": "Determinate",
      "uri": "spotify:track:5ZVL4pFcW31iLeZzqYJyYr"
    },
    {
      "artist": "miss A",
      "album": "Hush",
      "track": "Hush",
      "uri": "spotify:track:0K2UTvyyBPSmr0IccCWNZm"
    },
    {
      "artist": "ENHYPEN",
      "album": "BORDER : CARNIVAL",
      "track": "Not For Sale",
      "uri": "spotify:track:3dG1jxbfBIZvzyFwAcsmS0"
    },
    {
      "artist": "EXO-SC",
      "album": "What a life - The 1st Mini Album",
      "track": "What a life",
      "uri": "spotify:track:3TfLZodlQ1TzNpdrc4KXR5"
    },
    {
      "artist": "Morgan Wallen",
      "album": "One Thing At A Time",
      "track": "You Proof",
      "uri": "spotify:track:5W4kiM2cUYBJXKRudNyxjW"
    },
    {
      "artist": "ENHYPEN",
      "album": "BORDER : DAY ONE",
      "track": "Let Me In (20 CUBE)",
      "uri": "spotify:track:4eOcd47wPU3ixxYw0spREl"
    },
    {
      "artist": "BTS",
      "album": "MAP OF THE SOUL : 7",
      "track": "Inner Child",
      "uri": "spotify:track:4BKOjYosPhw334moS3wlbO"
    },
    {
      "artist": "Jonas Brothers",
      "album": "Jonas Brothers",
      "track": "Goodnight and Goodbye",
      "uri": "spotify:track:5Ha1C6wXnYGUCWhsfnPM0w"
    },
    {
      "artist": "HOSHI",
      "album": "Spider",
      "track": "Spider",
      "uri": "spotify:track:2TwB7aK39tnZBQjBPgcbCj"
    },
    {
      "artist": "Jonas Brothers",
      "album": "Jonas Brothers",
      "track": "When You Look Me In The Eyes",
      "uri": "spotify:track:4kf33kU0KAlkNBK9pNbYNU"
    },
    {
      "artist": "ATEEZ",
      "album": "THE WORLD EP.1 : MOVEMENT",
      "track": "Guerrilla",
      "uri": "spotify:track:0tYZo2UhV1lrUez5CA0Iyw"
    },
    {
      "artist": "NewJeans",
      "album": "Ditto",
      "track": "Ditto",
      "uri": "spotify:track:3r8RuvgbX9s7ammBn07D3W"
    },
    {
      "artist": "Naomi Scott",
      "album": "Lemonade Mouth",
      "track": "She's So Gone",
      "uri": "spotify:track:5dD888k5S3KMbrnjNQbREA"
    },
    {
      "artist": "GOT7",
      "album": "7 for 7",
      "track": "Teenager",
      "uri": "spotify:track:6D7PMEnCmHMC5WJb2HOGc3"
    },
    {
      "artist": "BTS",
      "album": "MAP OF THE SOUL : 7",
      "track": "My Time",
      "uri": "spotify:track:4vTgx6h4seHvkuFh84JXYP"
    },
    {
      "artist": "ASTRO",
      "album": "SWITCH ON",
      "track": "After Midnight",
      "uri": "spotify:track:35ylkTvU4CWnQVrYqsp2VQ"
    },
    {
      "artist": "TWS",
      "album": "TWS 1st Mini Album 'Sparkling Blue'",
      "track": "plot twist",
      "uri": "spotify:track:0aZG8KWrpRnsGL0loUkfSj"
    },
    {
      "artist": "Leslie Odom Jr.",
      "album": "Hamilton",
      "track": "Dear Theodosia",
      "uri": "spotify:track:2sEq2rC3ynYsT49x7utWnd"
    },
    {
      "artist": "DPR IAN",
      "album": "Moodswings In This Order",
      "track": "Scaredy Cat",
      "uri": "spotify:track:4LkXtklCusSbi6UxYWgH8B"
    },
    {
      "artist": "Coogie",
      "album": "ALONE",
      "track": "Alone (Feat. LeeHi)",
      "uri": "spotify:track:2SSbQoEqPHu6qAgi3pFobY"
    },
    {
      "artist": "BTS",
      "album": "MAP OF THE SOUL : 7",
      "track": "Black Swan",
      "uri": "spotify:track:3bkkMZEAhx7rTVz1C0itRQ"
    },
    {
      "artist": "NewJeans",
      "album": "NewJeans 'OMG'",
      "track": "OMG",
      "uri": "spotify:track:65FftemJ1DbbZ45DUfHJXE"
    },
    {
      "artist": "STAYC",
      "album": "YOUNG-LUV.COM",
      "track": "RUN2U",
      "uri": "spotify:track:3gFcGnU4kTdMYLXDjH1TK8"
    },
    {
      "artist": "Red Velvet",
      "album": "‘The ReVe Festival’ Finale",
      "track": "Psycho",
      "uri": "spotify:track:3CYH422oy1cZNoo0GTG1TK"
    },
    {
      "artist": "Say Yes!",
      "album": "BOYS PLANET - ARTIST BATTLE",
      "track": "Say My Name",
      "uri": "spotify:track:2lDOkJgVMNz4iMmoAHhhqC"
    },
    {
      "artist": "Klarisse De Guzman",
      "album": "The Hottest Pinoy Hits Ever",
      "track": "Ikaw Ay Ako",
      "uri": "spotify:track:5SyqZIhIFgbFn5ikcyYsD3"
    },
    {
      "artist": "THE BOYZ",
      "album": "THE BOYZ 3rd Single Album [MAVERICK]",
      "track": "MAVERICK",
      "uri": "spotify:track:1Ylu1Il2czce9eQQXtDXwO"
    },
    {
      "artist": "TWICE",
      "album": "CRY FOR ME",
      "track": "CRY FOR ME",
      "uri": "spotify:track:2xtP8RNbo2BEMzLX7tK7aq"
    },
    {
      "artist": "JUN",
      "album": "寂寞号登机口",
      "track": "寂寞号登机口",
      "uri": "spotify:track:0fSuP4hMUK1CqDAYV62BHF"
    },
    {
      "artist": "SEVENTEEN",
      "album": "SEVENTEEN 10th Mini Album 'FML'",
      "track": "Fire",
      "uri": "spotify:track:2hqn75Y9fEzL0qPoPRXCvX"
    },
    {
      "artist": "STAYC",
      "album": "WE NEED LOVE",
      "track": "BEAUTIFUL MONSTER",
      "uri": "spotify:track:56s2s5e8WuBsWVKnmz6J9L"
    },
    {
      "artist": "Phillipa Soo",
      "album": "Hamilton",
      "track": "Helpless",
      "uri": "spotify:track:54Sc7mZQ1RM03STpk4SfaA"
    },
    {
      "artist": "DPR LIVE",
      "album": "Her",
      "track": "Text Me",
      "uri": "spotify:track:1dN4Z7wZTQXLEl33RkMO3a"
    },
    {
      "artist": "STAYC",
      "album": "Star To A Young Culture",
      "track": "SO BAD",
      "uri": "spotify:track:13KR2yNRDrbKwR3dOKCDl4"
    },
    {
      "artist": "SEVENTEEN",
      "album": "Heng:garæ",
      "track": "Left & Right",
      "uri": "spotify:track:66orj0qtDgnU6DlmllAxbq"
    },
    {
      "artist": "Ariana Grande",
      "album": "thank u, next",
      "track": "thank u, next",
      "uri": "spotify:track:3e9HZxeyfWwjeyPAMmWSSQ"
    },
    {
      "artist": "SEVENTEEN",
      "album": "Heng:garæ",
      "track": "Together",
      "uri": "spotify:track:66dUJM4UG2GSYD1DBFtMlX"
    },
    {
      "artist": "Hannah Montana",
      "album": "Hannah Montana 2 / Meet Miley Cyrus",
      "track": "Nobody's Perfect - From “Hannah Montana 2”",
      "uri": "spotify:track:1GBknQ67DCfKTPms1dw9EW"
    },
    {
      "artist": "D.O.",
      "album": "공감 (Empathy) - The 1st Mini Album",
      "track": "Rose",
      "uri": "spotify:track:2bk43y1inDfHx8fFdXar3l"
    },
    {
      "artist": "ATEEZ",
      "album": "ZERO : FEVER EPILOGUE",
      "track": "The Real - Heung Version",
      "uri": "spotify:track:36pZ33EaTBFSl4n0asZYNU"
    },
    {
      "artist": "SuperM",
      "album": "SuperM - The 1st Mini Album",
      "track": "Jopping",
      "uri": "spotify:track:5WrEilrRI5cIW0DxMvQYPZ"
    },
    {
      "artist": "ASTRO",
      "album": "Dream Pt. 2",
      "track": "Crazy Sexy Cool",
      "uri": "spotify:track:1EDYaBb4axYaE3wIKvcSfw"
    },
    {
      "artist": "Ariana Grande",
      "album": "Positions",
      "track": "pov",
      "uri": "spotify:track:3UoULw70kMsiVXxW0L3A33"
    },
    {
      "artist": "Justin Bieber",
      "album": "Believe",
      "track": "As Long As You Love Me",
      "uri": "spotify:track:75lo8VozcCLRG9WGG674iD"
    },
    {
      "artist": "ENHYPEN",
      "album": "DARK BLOOD",
      "track": "Bite Me",
      "uri": "spotify:track:7mpdNiaQvygj2rHoxkzMfa"
    },
    {
      "artist": "Jonas Brothers",
      "album": "Jonas Brothers",
      "track": "Still In Love With You",
      "uri": "spotify:track:6vTAp3ol52KNzJNzm96GMO"
    },
    {
      "artist": "BTS",
      "album": "MAP OF THE SOUL : 7",
      "track": "My Time",
      "uri": "spotify:track:0YJFlxeHMUr9MxSDQVuQJA"
    },
    {
      "artist": "NewJeans",
      "album": "NewJeans 2nd EP 'Get Up'",
      "track": "Cool With You",
      "uri": "spotify:track:02wk5BttM0QL38ERjLPQJB"
    },
    {
      "artist": "Justin Timberlake",
      "album": "The 20/20 Experience (Deluxe Version)",
      "track": "Mirrors",
      "uri": "spotify:track:4rHZZAmHpZrA3iH5zx8frV"
    },
    {
      "artist": "JAY B",
      "album": "Switch It Up (feat. sokodomo)",
      "track": "Switch It Up (feat. sokodomo) - Prod. Cha Cha Malone",
      "uri": "spotify:track:1m1ho1lkZHAGe7rv5K8Ift"
    },
    {
      "artist": "ENHYPEN",
      "album": "BORDER : CARNIVAL",
      "track": "Drunk-Dazed",
      "uri": "spotify:track:1wcr8DjnN59Awev8nnKpQ4"
    },
    {
      "artist": "Taylor Swift",
      "album": "folklore",
      "track": "cardigan",
      "uri": "spotify:track:4R2kfaDFhslZEMJqAFNpdd"
    },
    {
      "artist": "BTS",
      "album": "Love Yourself 轉 'Tear'",
      "track": "Intro: Singularity",
      "uri": "spotify:track:6ePyl2ns4b7MVYhjsj32ZK"
    },
    {
      "artist": "BTS",
      "album": "You Never Walk Alone",
      "track": "Spring Day",
      "uri": "spotify:track:0WNGsQ1oAuHzNTk8jivBKW"
    },
    {
      "artist": "P1Harmony",
      "album": "Fall In Love Again",
      "track": "Fall In Love Again",
      "uri": "spotify:track:7e2t41hCiR0sV4Lgv555v3"
    },
    {
      "artist": "BTS",
      "album": "MAP OF THE SOUL : 7",
      "track": "Interlude : Shadow",
      "uri": "spotify:track:2Nib4r0saYQf2pUV4RFDhl"
    },
    {
      "artist": "BTS",
      "album": "MAP OF THE SOUL : 7",
      "track": "We are Bulletproof : the Eternal",
      "uri": "spotify:track:44WLOqH7QayQOQdeUHeKUK"
    },
    {
      "artist": "ENHYPEN",
      "album": "DIMENSION : ANSWER",
      "track": "Blessed-Cursed",
      "uri": "spotify:track:7ecbsiAQ6PNdiAq0hplVZo"
    },
    {
      "artist": "NewJeans",
      "album": "NewJeans 1st EP 'New Jeans'",
      "track": "Attention",
      "uri": "spotify:track:2pIUpMhHL6L9Z5lnKxJJr9"
    },
    {
      "artist": "BAEKHYUN",
      "album": "Bambi - The 3rd Mini Album",
      "track": "Privacy",
      "uri": "spotify:track:4WxthDZgaQqmj5tIuneDNX"
    },
    {
      "artist": "Harry Styles",
      "album": "As It Was",
      "track": "As It Was",
      "uri": "spotify:track:4LRPiXqCikLlN15c3yImP7"
    },
    {
      "artist": "Olivia Rodrigo",
      "album": "good 4 u",
      "track": "good 4 u",
      "uri": "spotify:track:6PERP62TejQjgHu81OHxgM"
    },
    {
      "artist": "Kep1er",
      "album": "DOUBLAST",
      "track": "Up!",
      "uri": "spotify:track:3XZAvh2NCDQYHgJei35VQ1"
    },
    {
      "artist": "BAEKHYUN",
      "album": "City Lights - The 1st Mini Album",
      "track": "Stay Up",
      "uri": "spotify:track:1w6QVxfBpW9hImuZXNHcmL"
    },
    {
      "artist": "SEVENTEEN",
      "album": "SEVENTEEN 4th Mini Album ‘Al1’",
      "track": "Don't Wanna Cry",
      "uri": "spotify:track:6Upu6yjkdi0DVI8E3IBZEU"
    },
    {
      "artist": "ZEROBASEONE",
      "album": "MELTING POINT",
      "track": "Kidz Zone",
      "uri": "spotify:track:5Nj2wlNSc9H9L7NoDxPfQg"
    },
    {
      "artist": "WayV",
      "album": "Take Over The Moon - The 2nd Mini Album",
      "track": "Love Talk",
      "uri": "spotify:track:6bc8VmlNt5S9WJlyw8bBdd"
    },
    {
      "artist": "Phillipa Soo",
      "album": "Hamilton",
      "track": "Burn",
      "uri": "spotify:track:4B3qvzOMzLQXLeYgPsG3KA"
    },
    {
      "artist": "Pink Sweat$",
      "album": "The Prelude",
      "track": "At My Worst",
      "uri": "spotify:track:0ri0Han4IRJhzvERHOZTMr"
    },
    {
      "artist": "Ariana Grande",
      "album": "God is a woman",
      "track": "God is a woman",
      "uri": "spotify:track:7gkWXbAxIYuvtOpcN3p9GJ"
    },
    {
      "artist": "SEVENTEEN",
      "album": "Seventeen 3rd Mini Album ’Going Seventeen’",
      "track": "Fast Pace",
      "uri": "spotify:track:0q3caW0ttDdykrD2fOKTpw"
    },
    {
      "artist": "Ariana Grande",
      "album": "thank u, next",
      "track": "ghostin",
      "uri": "spotify:track:2vdBo4ALPYbHRUPKgtE5iC"
    },
    {
      "artist": "NCT 127",
      "album": "NCT#127 LIMITLESS - The 2nd Mini Album",
      "track": "Back 2 U (AM 01:27)",
      "uri": "spotify:track:37SqctQhMp3MjvGDXKhnJ3"
    },
    {
      "artist": "Jonas Brothers",
      "album": "Jonas Brothers",
      "track": "S.O.S.",
      "uri": "spotify:track:6sDP4912wjwB7BJhbSnjS1"
    },
    {
      "artist": "LE SSERAFIM",
      "album": "UNFORGIVEN",
      "track": "UNFORGIVEN (feat. Nile Rodgers)",
      "uri": "spotify:track:51vRumtqbkNW9wrKfESwfu"
    },
    {
      "artist": "The Beatles",
      "album": "1",
      "track": "Can't Buy Me Love - Remastered 2015",
      "uri": "spotify:track:7pQAq14Z73YUFMtxCyt0bG"
    },
    {
      "artist": "Justin Hurwitz",
      "album": "La La Land",
      "track": "The End",
      "uri": "spotify:track:7gXjNlZlfP1GXRH1WvyuE2"
    },
    {
      "artist": "TWICE",
      "album": "Feel Special",
      "track": "Feel Special",
      "uri": "spotify:track:0u7aRGM7YmvtsmG5NSrNsO"
    },
    {
      "artist": "Ariana Grande",
      "album": "Dangerous Woman",
      "track": "Greedy",
      "uri": "spotify:track:2tpIAmAq9orm1Owh5pja1w"
    },
    {
      "artist": "GOT7",
      "album": "7 for 7",
      "track": "You Are",
      "uri": "spotify:track:6NyPIDsbl4hEm9tFKcKzsU"
    },
    {
      "artist": "GOT7",
      "album": "Call My Name",
      "track": "You Calling My Name",
      "uri": "spotify:track:6f4wghlwYWGLqGEIKc6HDQ"
    },
    {
      "artist": "ATEEZ",
      "album": "TREASURE EP.2 : Zero To One",
      "track": "HALA HALA (Hearts Awakened, Live Alive)",
      "uri": "spotify:track:4v2BLMhWtVvBnZwuoiKxja"
    },
    {
      "artist": "The Weeknd",
      "album": "After Hours",
      "track": "Blinding Lights",
      "uri": "spotify:track:0VjIjW4GlUZAMYd2vXMi3b"
    },
    {
      "artist": "LOONA",
      "album": "[&]",
      "track": "PTT (Paint The Town)",
      "uri": "spotify:track:5awNIWVrh2ISfvPd5IUZNh"
    },
    {
      "artist": "SEVENTEEN",
      "album": "舞い落ちる花びら (Fallin' Flower)",
      "track": "舞い落ちる花びら（Fallin' Flower）",
      "uri": "spotify:track:6MC0anRfGPzSWrvybgsY7O"
    },
    {
      "artist": "SEVENTEEN",
      "album": "Love&Letter repackage album",
      "track": "VERY NICE",
      "uri": "spotify:track:1Rrj7KyS2R6SP9CQMDJW1w"
    },
    {
      "artist": "NCT 127",
      "album": "2 Baddies - The 4th Album",
      "track": "2 Baddies",
      "uri": "spotify:track:7035sowF3NNYDfRUO8GF9H"
    },
    {
      "artist": "One Direction",
      "album": "Midnight Memories (Deluxe)",
      "track": "Story of My Life",
      "uri": "spotify:track:4nVBt6MZDDP6tRVdQTgxJg"
    },
    {
      "artist": "Taylor Swift",
      "album": "reputation",
      "track": "Don’t Blame Me",
      "uri": "spotify:track:1R0a2iXumgCiFb7HEZ7gUE"
    },
    {
      "artist": "SuperM",
      "album": "Super One -The 1st Album",
      "track": "Dangerous Woman",
      "uri": "spotify:track:70FkyNgq5QPM3nt4JzyDnt"
    },
    {
      "artist": "Bruno Mars",
      "album": "Unorthodox Jukebox",
      "track": "When I Was Your Man",
      "uri": "spotify:track:0nJW01T7XtvILxQgC5J7Wh"
    },
    {
      "artist": "GOT7",
      "album": "Breath of Love: Last Piece",
      "track": "WAVE",
      "uri": "spotify:track:6oEgj9nOyX7mqEbgP6bKBH"
    },
    {
      "artist": "TEN",
      "album": "Paint Me Naked - SM STATION",
      "track": "Paint Me Naked",
      "uri": "spotify:track:4UaGQ2D4MBuRBWumZO52Ma"
    },
    {
      "artist": "NCT 127",
      "album": "NCT #127 Neo Zone - The 2nd Album",
      "track": "Dreams Come True",
      "uri": "spotify:track:4wmrFwPfSRYzC2buKIqal3"
    },
    {
      "artist": "XG",
      "album": "SHOOTING STAR",
      "track": "SHOOTING STAR",
      "uri": "spotify:track:3IelG5zYpWWCZIH4cqWlPV"
    },
    {
      "artist": "Taylor Swift",
      "album": "1989",
      "track": "Style",
      "uri": "spotify:track:0ug5NqcwcFR2xrfTkc7k8e"
    },
    {
      "artist": "BTS",
      "album": "MAP OF THE SOUL : 7",
      "track": "Filter",
      "uri": "spotify:track:0ono6UCNVZ1XqOm6j78Blu"
    },
    {
      "artist": "YUGYEOM",
      "album": "Point Of View: U",
      "track": "I Want U Around (Feat. DeVita)",
      "uri": "spotify:track:2JCUuaIDwYaoS0jWGxa7X9"
    },
    {
      "artist": "Taylor Swift",
      "album": "THE TORTURED POETS DEPARTMENT",
      "track": "My Boy Only Breaks His Favorite Toys",
      "uri": "spotify:track:2XXwLdtuAcE0HSCu61ijAb"
    },
    {
      "artist": "Christopher Jackson",
      "album": "Hamilton",
      "track": "Cabinet Battle #2",
      "uri": "spotify:track:6KRHMYPIWRgFWlXPgqO2Fp"
    },
    {
      "artist": "NMIXX",
      "album": "AD MARE",
      "track": "O.O",
      "uri": "spotify:track:3lrNsPdn98i6rxO142pLT6"
    },
    {
      "artist": "ENHYPEN",
      "album": "MANIFESTO : DAY 1",
      "track": "TFW (That Feeling When)",
      "uri": "spotify:track:3bI34Ts8OMPfIpoPqzyZgM"
    },
    {
      "artist": "Beyoncé",
      "album": "TEXAS HOLD 'EM",
      "track": "TEXAS HOLD 'EM",
      "uri": "spotify:track:0Z7nGFVCLfixWctgePsRk9"
    },
    {
      "artist": "LOONA",
      "album": "JinSoul",
      "track": "Singing in the Rain",
      "uri": "spotify:track:1uNTfm5WZVGdig95SAXajH"
    },
    {
      "artist": "CHUNG HA",
      "album": "Gotta Go",
      "track": "Gotta Go",
      "uri": "spotify:track:0xq4ZTcmwBfkPGo4RRKmMe"
    },
    {
      "artist": "Olivia Rodrigo",
      "album": "The Hunger Games: The Ballad of Songbirds & Snakes",
      "track": "Can’t Catch Me Now - from The Hunger Games: The Ballad of Songbirds & Snakes",
      "uri": "spotify:track:17cia5k4BpGVlyEfqrFH50"
    },
    {
      "artist": "Harry Styles",
      "album": "Harry's House",
      "track": "Late Night Talking",
      "uri": "spotify:track:1qEmFfgcLObUfQm0j1W2CK"
    },
    {
      "artist": "JAEHYUN",
      "album": "Forever Only - SM STATION : NCT LAB",
      "track": "Forever Only",
      "uri": "spotify:track:0fN27m84ofEpWHGwJ0THYz"
    },
    {
      "artist": "KAI",
      "album": "Rover - The 3rd Mini Album",
      "track": "Rover",
      "uri": "spotify:track:3WUyu94psXrYV6HZbXgcFA"
    },
    {
      "artist": "ENHYPEN",
      "album": "BORDER : CARNIVAL",
      "track": "FEVER",
      "uri": "spotify:track:0UzymivvUH5s8z4PeWZJaK"
    },
    {
      "artist": "The Rose",
      "album": "Beauty and the Beast",
      "track": "Beauty and the Beast",
      "uri": "spotify:track:6cLwgFQvn69ATT9GX7hCIs"
    },
    {
      "artist": "BTS",
      "album": "Film out",
      "track": "Film out",
      "uri": "spotify:track:3UHPGOkUcE4hE7sqBF4Snt"
    },
    {
      "artist": "NewJeans",
      "album": "NewJeans 2nd EP 'Get Up'",
      "track": "Get Up",
      "uri": "spotify:track:1wUnuiXMMvhudmzvcCtlZP"
    },
    {
      "artist": "YUGYEOM",
      "album": "Point Of View: U",
      "track": "Running Through The Rain",
      "uri": "spotify:track:2YC74Qy3Ltjy4NuUhfBQSf"
    },
    {
      "artist": "Jung Kook",
      "album": "GOLDEN",
      "track": "Standing Next to You",
      "uri": "spotify:track:2KslE17cAJNHTsI2MI0jb2"
    },
    {
      "artist": "BTS",
      "album": "Love Yourself 結 'Answer'",
      "track": "Trivia 承 : Love",
      "uri": "spotify:track:6bSwpQYEguyMlkCoWiBt3Y"
    },
    {
      "artist": "ABBA",
      "album": "Arrival",
      "track": "Dancing Queen",
      "uri": "spotify:track:01iyCAUm8EvOFqVWYJ3dVX"
    },
    {
      "artist": "TOMORROW X TOGETHER",
      "album": "The Chaos Chapter: FREEZE",
      "track": "0X1=LOVESONG (I Know I Love You) feat. Seori",
      "uri": "spotify:track:1Z8TPHiKeCUyClxV6WTTIf"
    },
    {
      "artist": "EXO",
      "album": "LOTTO - The 3rd Album Repackage",
      "track": "Lotto",
      "uri": "spotify:track:6ukWoX4AHV76JdYVdKRPk8"
    },
    {
      "artist": "BTS",
      "album": "Love Yourself 結 'Answer'",
      "track": "Best Of Me",
      "uri": "spotify:track:3KGEbCfnzAzFVimY9p62MN"
    },
    {
      "artist": "SEVENTEEN",
      "album": "SEVENTEEN 10th Mini Album 'FML'",
      "track": "Super",
      "uri": "spotify:track:3AOf6YEpxQ894FmrwI9k96"
    },
    {
      "artist": "Taylor Swift",
      "album": "1989",
      "track": "Blank Space",
      "uri": "spotify:track:1u8c2t2Cy7UBoG4ArRcF5g"
    },
    {
      "artist": "THE BOYZ",
      "album": "THE BOYZ 3rd MINI ALBUM [THE ONLY]",
      "track": "No Air",
      "uri": "spotify:track:0mve4vxmwumqI6gnw7euma"
    },
    {
      "artist": "TOMORROW X TOGETHER",
      "album": "minisode 2: Thursday's Child",
      "track": "Thursday's Child Has Far To Go",
      "uri": "spotify:track:04CHEoMbrLOiX8co3EG5dO"
    },
    {
      "artist": "The Beatles",
      "album": "1",
      "track": "Eight Days A Week - Remastered 2015",
      "uri": "spotify:track:5ylLypaOksxWd75YrGtx2N"
    },
    {
      "artist": "Dreamcatcher",
      "album": "［Dystopia : Road to Utopia］",
      "track": "Odd Eye",
      "uri": "spotify:track:28Jwll1H52Hr4JzQ6vMoul"
    },
    {
      "artist": "EXO",
      "album": "EX'ACT",
      "track": "Monster",
      "uri": "spotify:track:7GbUWl6qLW1gdngbEV2WDJ"
    },
    {
      "artist": "Red Velvet",
      "album": "Russian Roulette - The 3rd Mini Album",
      "track": "러시안 룰렛 Russian Roulette",
      "uri": "spotify:track:5HiSc2ZCGn8L3cH3qSwzBT"
    },
    {
      "artist": "THE BOYZ",
      "album": "SHE'S THE BOSS",
      "track": "SHE'S THE BOSS",
      "uri": "spotify:track:2wyHRwpMCgVJHVevdpp9Lw"
    },
    {
      "artist": "DAY6",
      "album": "The Book of Us : Gravity",
      "track": "Time of Our Life",
      "uri": "spotify:track:0btLaqWlXsOWLcpjE1jmIk"
    },
    {
      "artist": "PARK WON",
      "album": "1/24",
      "track": "Try",
      "uri": "spotify:track:221PQiYwFVxVWvY1kpYhtN"
    },
    {
      "artist": "NCT U",
      "album": "NCT RESONANCE Pt. 1 - The 2nd Album",
      "track": "Make A Wish (Birthday Song)",
      "uri": "spotify:track:6FdShjf7nA2cqEnpv1tIia"
    },
    {
      "artist": "LOONA",
      "album": "[+ +]",
      "track": "Hi High",
      "uri": "spotify:track:0RqzUS7AkBhQDrBxcGFeDv"
    },
    {
      "artist": "fun.",
      "album": "Some Nights",
      "track": "We Are Young (feat. Janelle Monáe)",
      "uri": "spotify:track:7a86XRg84qjasly9f6bPSD"
    },
    {
      "artist": "EXO",
      "album": "LOVE ME RIGHT - The 2nd Album Repackage",
      "track": "LOVE ME RIGHT",
      "uri": "spotify:track:1kFevEv3s7Gf6o5xSDR5DL"
    },
    {
      "artist": "Harry Styles",
      "album": "Sign of the Times",
      "track": "Sign of the Times",
      "uri": "spotify:track:5ELRkzdzz0HvGpMDlfZHkV"
    },
    {
      "artist": "ATEEZ",
      "album": "TREASURE EP.2 : Zero To One",
      "track": "Say My Name",
      "uri": "spotify:track:2UP7KnRSvc4taXbjOoSX0f"
    },
    {
      "artist": "Jonathan Groff",
      "album": "Hamilton",
      "track": "You'll Be Back",
      "uri": "spotify:track:6OG1S805gIrH5nAQbEOPY3"
    },
    {
      "artist": "Leslie Odom Jr.",
      "album": "Hamilton",
      "track": "Washington on Your Side",
      "uri": "spotify:track:1WHNqqRWhJVZIdCScFKtl5"
    },
    {
      "artist": "SEVENTEEN",
      "album": "24H",
      "track": "24H",
      "uri": "spotify:track:3gAR6cBifLqbW8kOrMqZPr"
    },
    {
      "artist": "Billy Joel",
      "album": "The Stranger (Legacy Edition)",
      "track": "Vienna",
      "uri": "spotify:track:4U45aEWtQhrm8A5mxPaFZ7"
    },
    {
      "artist": "ZEROBASEONE",
      "album": "YOUTH IN THE SHADE",
      "track": "New Kidz on the Block",
      "uri": "spotify:track:4i7iGaXbW1dKBZD5tZuvZt"
    },
    {
      "artist": "BTS",
      "album": "Love Yourself 結 'Answer'",
      "track": "Serendipity (Full Length Edition)",
      "uri": "spotify:track:5cQB9fbuQCz4muQUFkv3rR"
    },
    {
      "artist": "Original Broadway Cast of Hamilton",
      "album": "Hamilton",
      "track": "Who Lives, Who Dies, Who Tells Your Story",
      "uri": "spotify:track:7EsSVPxaYoAZjQwhspJBs2"
    },
    {
      "artist": "P1Harmony",
      "album": "DISHARMONY : STAND OUT",
      "track": "Butterfly",
      "uri": "spotify:track:12TI802gjc7soYzEK2jx7L"
    },
    {
      "artist": "NCT 127",
      "album": "NCT #127 Neo Zone - The 2nd Album",
      "track": "Kick It",
      "uri": "spotify:track:1ayaOin9hxCtyhg4UsBTpg"
    },
    {
      "artist": "Leslie Odom Jr.",
      "album": "Hamilton",
      "track": "The Room Where It Happens",
      "uri": "spotify:track:2TK2KSrzXD6W01qjXVjNGh"
    },
    {
      "artist": "NCT DREAM",
      "album": "We Go Up",
      "track": "We Go Up",
      "uri": "spotify:track:26vOBLHS116a4WNUVlvAUW"
    },
    {
      "artist": "Jung Kook",
      "album": "GOLDEN",
      "track": "3D (feat. Jack Harlow)",
      "uri": "spotify:track:6xGr4tVzpTX99p9Cf0hRRL"
    },
    {
      "artist": "Fleetwood Mac",
      "album": "Rumours",
      "track": "Dreams - 2004 Remaster",
      "uri": "spotify:track:0ofHAoxe9vBkTCp2UQIavz"
    },
    {
      "artist": "Stray Kids",
      "album": "ODDINARY",
      "track": "MANIAC",
      "uri": "spotify:track:63irPUP3xB74fHdw1Aw9zR"
    },
    {
      "artist": "TOMORROW X TOGETHER",
      "album": "The Chaos Chapter: FREEZE",
      "track": "Anti-Romantic",
      "uri": "spotify:track:44tTqUi3xi7E28QLzHVdUA"
    },
    {
      "artist": "JUNNY",
      "album": "blanc",
      "track": "Get Ya! (Feat. pH-1)",
      "uri": "spotify:track:4G6DGLZaFVnNa2osVNJhkR"
    },
    {
      "artist": "Rihanna",
      "album": "Good Girl Gone Bad: Reloaded",
      "track": "Umbrella",
      "uri": "spotify:track:49FYlytm3dAAraYgpoJZux"
    },
    {
      "artist": "LOONA",
      "album": "[#]",
      "track": "So What",
      "uri": "spotify:track:7w3pIUjz7BTTqj9uAws40m"
    },
    {
      "artist": "Ariana Grande",
      "album": "the light is coming",
      "track": "the light is coming (feat. Nicki Minaj)",
      "uri": "spotify:track:5iZ4hcpCgFVijq5OOjBTKZ"
    },
    {
      "artist": "Troye Sivan",
      "album": "Something To Give Each Other",
      "track": "Rush",
      "uri": "spotify:track:4ZnkygoWLzcGbQYCm3lkae"
    },
    {
      "artist": "DAY6",
      "album": "Shoot Me : Youth, Part. 1",
      "track": "Shoot Me",
      "uri": "spotify:track:3cl6BsTDeeGRbgug5TXrvg"
    },
    {
      "artist": "LOONA",
      "album": "Choerry",
      "track": "Love Cherry Motion",
      "uri": "spotify:track:1H3i6WXxrJB7LEoH5iStvb"
    },
    {
      "artist": "Troye Sivan",
      "album": "Something To Give Each Other",
      "track": "One Of Your Girls",
      "uri": "spotify:track:5Eh1nj7IjV9lwpcKAkidyY"
    },
    {
      "artist": "Charli xcx",
      "album": "Guess featuring billie eilish",
      "track": "Guess featuring billie eilish",
      "uri": "spotify:track:3WOhcATHxK2SLNeP5W3v1v"
    },
    {
      "artist": "LOONA",
      "album": "Chuu",
      "track": "Heart Attack (츄)",
      "uri": "spotify:track:6SSC9KZQaxBdyipKRigrFC"
    },
    {
      "artist": "I.M",
      "album": "DUALITY",
      "track": "God Damn",
      "uri": "spotify:track:2YHfv0Yhkww66chO8whsW9"
    },
    {
      "artist": "Jung Kook",
      "album": "GOLDEN",
      "track": "Seven (feat. Latto) (Clean Ver.)",
      "uri": "spotify:track:7Hcj0duTWiCSYDtJaztNIt"
    },
    {
      "artist": "P1Harmony",
      "album": "DISHARMONY : FIND OUT",
      "track": "Do It Like This",
      "uri": "spotify:track:0aW4RWeGekBfU2NhREc5kL"
    },
    {
      "artist": "EXO",
      "album": "OBSESSION – The 6th Album",
      "track": "Ya Ya Ya",
      "uri": "spotify:track:2Dn0UlDRJ4iSMlSdZ103pg"
    },
    {
      "artist": "Lady Gaga",
      "album": "Born This Way",
      "track": "Yoü And I",
      "uri": "spotify:track:6rkAY9rk1NTFB94QxG3LJR"
    },
    {
      "artist": "ENHYPEN",
      "album": "DIMENSION : DILEMMA",
      "track": "Tamed-Dashed",
      "uri": "spotify:track:1zoyteFQmeUUqyOl2Xznpy"
    },
    {
      "artist": "SEVENTEEN",
      "album": "SEVENTEEN 4th Album 'Face the Sun'",
      "track": "Shadow",
      "uri": "spotify:track:2rwJP8OEao5y3xexw52HfD"
    },
    {
      "artist": "NCT 127",
      "album": "2 Baddies - The 4th Album",
      "track": "2 Baddies",
      "uri": "spotify:track:1WKLxJpDqkQ9x1qEDNutoX"
    },
    {
      "artist": "SEVENTEEN",
      "album": "SEVENTEEN 9th Mini Album 'Attacca'",
      "track": "Imperfect love",
      "uri": "spotify:track:35jvwACXmrreYIEOAGc2Kr"
    },
    {
      "artist": "Jung Kook",
      "album": "GOLDEN",
      "track": "Please Don't Change (feat. DJ Snake)",
      "uri": "spotify:track:0k0GtcnyQLMiXrdEDbLXmJ"
    },
    {
      "artist": "NewJeans",
      "album": "NewJeans 2nd EP 'Get Up'",
      "track": "New Jeans",
      "uri": "spotify:track:7woEDtme8YkFiWeyiinIjy"
    },
    {
      "artist": "Gotye",
      "album": "Making Mirrors",
      "track": "Somebody That I Used To Know",
      "uri": "spotify:track:4wCmqSrbyCgxEXROQE6vtV"
    },
    {
      "artist": "aespa",
      "album": "Black Mamba",
      "track": "Black Mamba",
      "uri": "spotify:track:1t2qYCAjUAoGfeFeoBlK51"
    },
    {
      "artist": "Sam Kim",
      "album": "Nevertheless, (Original Television Soundtrack, Pt. 6)",
      "track": "Love Me Like That",
      "uri": "spotify:track:1lhm29o3syw122xynSKaAK"
    },
    {
      "artist": "Jack Harlow",
      "album": "Come Home The Kids Miss You",
      "track": "First Class",
      "uri": "spotify:track:0wHFktze2PHC5jDt3B17DC"
    },
    {
      "artist": "Phillipa Soo",
      "album": "Hamilton",
      "track": "Take a Break",
      "uri": "spotify:track:2qFIJT5hjqaNFA1GKwl9me"
    },
    {
      "artist": "YUGYEOM",
      "album": "I Want U Around",
      "track": "I Want U Around (Feat. DeVita)",
      "uri": "spotify:track:5zI721DtTDWjLbDvZoWKGZ"
    },
    {
      "artist": "Jack Johnson",
      "album": "From Here To Now To You",
      "track": "Home",
      "uri": "spotify:track:5yCrrN0GiJjHkRJGWw5D13"
    },
    {
      "artist": "NCT 127",
      "album": "Fact Check - The 5th Album",
      "track": "Parade",
      "uri": "spotify:track:4YGjBlNqjaUinn2aRkWcLG"
    },
    {
      "artist": "Lawrence",
      "album": "23",
      "track": "23",
      "uri": "spotify:track:5ctdVr5OyY7dZZhcsFeK9W"
    },
    {
      "artist": "TAEMIN",
      "album": "MOVE - The 2nd Album",
      "track": "MOVE",
      "uri": "spotify:track:1cgBWgoL6520lR2QZDzdGN"
    },
    {
      "artist": "TWICE",
      "album": "FANCY YOU",
      "track": "FANCY",
      "uri": "spotify:track:60zxdAqWtdDu0vYsbXViA7"
    },
    {
      "artist": "NCT 127",
      "album": "Sticker - The 3rd Album",
      "track": "Lemonade",
      "uri": "spotify:track:6txVOdSbg928oeGhlVUrdK"
    },
    {
      "artist": "Jesse McCartney",
      "album": "Beautiful Soul",
      "track": "Beautiful Soul",
      "uri": "spotify:track:1HwpWwa6bnqqRhK8agG4RS"
    },
    {
      "artist": "Harry Styles",
      "album": "Harry's House",
      "track": "Music For a Sushi Restaurant",
      "uri": "spotify:track:5LYMamLv12UPbemOaTPyeV"
    },
    {
      "artist": "Ariana Grande",
      "album": "thank u, next",
      "track": "needy",
      "uri": "spotify:track:1TEL6MlSSVLSdhOSddidlJ"
    },
    {
      "artist": "ZEROBASEONE",
      "album": "YOUTH IN THE SHADE",
      "track": "Always",
      "uri": "spotify:track:5AZjB4QYB3ZQ45gVO0b8We"
    },
    {
      "artist": "EVNNE",
      "album": "Target: ME",
      "track": "TROUBLE",
      "uri": "spotify:track:6MSRu5wksC0Esn63XOgmI3"
    },
    {
      "artist": "SuperM",
      "album": "SuperM - The 1st Mini Album",
      "track": "2 Fast",
      "uri": "spotify:track:5U3DWGGD8mFYcDhoMxpQPD"
    },
    {
      "artist": "STAYC",
      "album": "STEREOTYPE",
      "track": "STEREOTYPE",
      "uri": "spotify:track:2bZIDMpzVooosmPHn0tHnd"
    },
    {
      "artist": "JAY B",
      "album": "SOMO: FUME",
      "track": "B.T.W (feat. Jay Park) - Prod. Cha Cha Malone",
      "uri": "spotify:track:4f3wldin8UmItfSJKK5BF2"
    },
    {
      "artist": "ATEEZ",
      "album": "ZERO : FEVER Part.1",
      "track": "THANXX",
      "uri": "spotify:track:0YXpDiXEQlRmVSAFcub7sE"
    },
    {
      "artist": "The Beatles",
      "album": "1",
      "track": "A Hard Day's Night - Remastered 2015",
      "uri": "spotify:track:1pctwlBtIcKIjQMzsVcGHB"
    },
    {
      "artist": "Nat King Cole",
      "album": "The Unforgettable Nat King Cole",
      "track": "L-O-V-E - Remastered",
      "uri": "spotify:track:7E3rc13GL2I5wA6CIFXaxs"
    },
    {
      "artist": "Ariana Grande",
      "album": "thank u, next",
      "track": "7 rings",
      "uri": "spotify:track:6ocbgoVGwYJhOv1GgI9NsF"
    },
    {
      "artist": "Taylor Swift",
      "album": "Midnights",
      "track": "Lavender Haze",
      "uri": "spotify:track:5jQI2r1RdgtuT8S3iG8zFC"
    },
    {
      "artist": "Ariana Grande",
      "album": "thank u, next",
      "track": "in my head",
      "uri": "spotify:track:4T652DlATVHe0jdLKaN3Bw"
    },
    {
      "artist": "NCT DREAM",
      "album": "Beatbox - The 2nd Album Repackage",
      "track": "Beatbox",
      "uri": "spotify:track:0CatzXH85XWyBqqdB6qPMB"
    },
    {
      "artist": "LE SSERAFIM",
      "album": "ANTIFRAGILE",
      "track": "No Celestial",
      "uri": "spotify:track:21ApmVGIzIAIDSBdHu6SVt"
    },
    {
      "artist": "ENHYPEN",
      "album": "MANIFESTO : DAY 1",
      "track": "Future Perfect (Pass the MIC)",
      "uri": "spotify:track:6PRy17C5LiiN7VCLS6IA98"
    },
    {
      "artist": "SEVENTEEN",
      "album": "SEVENTEEN 4th Mini Album ‘Al1’",
      "track": "Habit",
      "uri": "spotify:track:0ePDb0b1tMQlqP9u58pmcg"
    },
    {
      "artist": "BTS",
      "album": "MAP OF THE SOUL : 7",
      "track": "UGH!",
      "uri": "spotify:track:1aKuG1GG76xPLUkjBbQo3W"
    },
    {
      "artist": "SEVENTEEN",
      "album": "Seventeen 3rd Mini Album ’Going Seventeen’",
      "track": "Don't listen in secret",
      "uri": "spotify:track:01bnqaE6nQogjdMMrrL1dj"
    },
    {
      "artist": "Fleetwood Mac",
      "album": "Fleetwood Mac",
      "track": "Landslide",
      "uri": "spotify:track:5ihS6UUlyQAfmp48eSkxuQ"
    },
    {
      "artist": "Xdinary Heroes",
      "album": "Happy Death Day",
      "track": "Happy Death Day",
      "uri": "spotify:track:3a4VCqofc7Wf7cqfZYu2Ad"
    },
    {
      "artist": "i-dle",
      "album": "I DO",
      "track": "I DO",
      "uri": "spotify:track:6SePnvTZkIXZznc8Ftc6vM"
    },
    {
      "artist": "NCT DOJAEJUNG",
      "album": "Perfume - The 1st Mini Album",
      "track": "Perfume",
      "uri": "spotify:track:0jd4aa9XgV5eom0ez0WBrD"
    },
    {
      "artist": "DeVita",
      "album": "American Gothic",
      "track": "Bonnie & Clyde",
      "uri": "spotify:track:2395WKvJwfuqPBgsyC5k9C"
    },
    {
      "artist": "Simple Minds",
      "album": "The Breakfast Club",
      "track": "Don't You (Forget About Me)",
      "uri": "spotify:track:6yEAAIEHu4GcUFptg5W9kI"
    },
    {
      "artist": "GOT7",
      "album": "GOT♡",
      "track": "A",
      "uri": "spotify:track:1dHGpyLRqLnBqyWzlfvyFh"
    },
    {
      "artist": "Red Velvet",
      "album": "The Red - The 1st Album",
      "track": "Dumb Dumb",
      "uri": "spotify:track:64iDjAuWDogVhuoWhKklF9"
    },
    {
      "artist": "STAYC",
      "album": "YOUNG-LUV.COM",
      "track": "I WANT U BABY",
      "uri": "spotify:track:4wqvBkHI3a75Fmlirlq3uD"
    },
    {
      "artist": "Jonas Brothers",
      "album": "The Album",
      "track": "Vacation Eyes",
      "uri": "spotify:track:2CfFt0QtXgQuPeEsJjPtGR"
    },
    {
      "artist": "Olivia Rodrigo",
      "album": "SOUR",
      "track": "brutal",
      "uri": "spotify:track:6SRsiMl7w1USE4mFqrOhHC"
    },
    {
      "artist": "IVE",
      "album": "After LIKE",
      "track": "After LIKE",
      "uri": "spotify:track:2gYj9lubBorOPIVWsTXugG"
    },
    {
      "artist": "Ariana DeBose",
      "album": "Hamilton",
      "track": "Blow Us All Away",
      "uri": "spotify:track:6lsFGDo1IEEPFKh94c9kFe"
    },
    {
      "artist": "One Direction",
      "album": "Take Me Home: Yearbook Edition",
      "track": "Little Things",
      "uri": "spotify:track:7kSLdGdXLey7pzLsWpdg1h"
    },
    {
      "artist": "LOONA",
      "album": "[&]",
      "track": "Dance On My Own",
      "uri": "spotify:track:7jVQ1WS5RqUxRaKQVRaokc"
    },
    {
      "artist": "BUMKEY",
      "album": "COVID-19",
      "track": "COVID-19 (feat. SUPERBEE)",
      "uri": "spotify:track:32qLwcEpoKeutWxwrJM4FX"
    },
    {
      "artist": "CRAVITY",
      "album": "MASTER : PIECE",
      "track": "Baddie",
      "uri": "spotify:track:1ZQUBFU10XSKqK00hhIpHg"
    },
    {
      "artist": "SHINee",
      "album": "Don't Call Me - The 7th Album",
      "track": "Heart Attack",
      "uri": "spotify:track:76JA4ie9OkTaCXu909a93V"
    },
    {
      "artist": "SEVENTEEN",
      "album": "SEVENTEEN 5TH MINI ALBUM 'YOU MAKE MY DAY'",
      "track": "Oh My!",
      "uri": "spotify:track:4JViGq60SvqtQXI3WK0OLS"
    },
    {
      "artist": "Harry Styles",
      "album": "Harry's House",
      "track": "Satellite",
      "uri": "spotify:track:0rzaRSujxA0bKyjJl6vHYq"
    },
    {
      "artist": "Olivia Rodrigo",
      "album": "bad idea right?",
      "track": "bad idea right?",
      "uri": "spotify:track:2i8f4VnnBjy0yDqH2C452a"
    },
    {
      "artist": "Jay Park",
      "album": "V",
      "track": "V",
      "uri": "spotify:track:0QwWVdreIp1dJZLPHxhLpX"
    },
    {
      "artist": "CIX",
      "album": "CIX 4th EP Album ‘HELLO’ Chapter Ø. Hello, Strange Dream",
      "track": "Everything",
      "uri": "spotify:track:37foJFy9f0yQpuA8IonhvN"
    },
    {
      "artist": "Dynamicduo",
      "album": "Street Woman Fighter2 (SWF2) Class Mission",
      "track": "Smoke (Prod. Dynamicduo, Padi)",
      "uri": "spotify:track:1qRfAvzRIJQodWKBNFAb6C"
    },
    {
      "artist": "Queen",
      "album": "A Night At The Opera",
      "track": "You're My Best Friend - Remastered 2011",
      "uri": "spotify:track:0s0Ch74Y6Tfe11kUjIxiws"
    },
    {
      "artist": "Jung Kook",
      "album": "GOLDEN",
      "track": "Shot Glass of Tears",
      "uri": "spotify:track:7AbqgE05nFl9qY4FRUiq2p"
    },
    {
      "artist": "Billie Eilish",
      "album": "Barbie The Album",
      "track": "What Was I Made For? (From The Motion Picture \"Barbie\")",
      "uri": "spotify:track:7wZa0JXBfFS8W5abYnHWKC"
    },
    {
      "artist": "CHUNG HA",
      "album": "Querencia",
      "track": "X",
      "uri": "spotify:track:4IQaBvlHjZrpZrIKWXuBxh"
    },
    {
      "artist": "NCT",
      "album": "NCT 2018 EMPATHY",
      "track": "BOSS",
      "uri": "spotify:track:0ErzcmZ2gIwX7X0xSMQPix"
    },
    {
      "artist": "Lady Gaga",
      "album": "Die With A Smile",
      "track": "Die With A Smile",
      "uri": "spotify:track:2plbrEY59IikOBgBGLjaoe"
    },
    {
      "artist": "Jonas Brothers",
      "album": "Jonas Brothers",
      "track": "When You Look Me in the Eyes",
      "uri": "spotify:track:6YnauKvhKMFOX63RwmiCwH"
    },
    {
      "artist": "Corbin Bleu",
      "album": "Another Side",
      "track": "Push It to the Limit",
      "uri": "spotify:track:3K01q0jtSNHeqx5gs97HH2"
    },
    {
      "artist": "Jack Harlow",
      "album": "First Class",
      "track": "First Class",
      "uri": "spotify:track:1rDQ4oMwGJI7B4tovsBOxc"
    },
    {
      "artist": "LE SSERAFIM",
      "album": "ANTIFRAGILE",
      "track": "Impurities",
      "uri": "spotify:track:7F0MuIk5glqtowCUjbn9es"
    },
    {
      "artist": "SEVENTEEN",
      "album": "DREAM",
      "track": "DREAM",
      "uri": "spotify:track:0PwknbaUVwXJSmRh7qSfyi"
    },
    {
      "artist": "EXO-SC",
      "album": "1 Billion Views - The 1st Album",
      "track": "1 Billion Views",
      "uri": "spotify:track:4gGZc6MMYavM5KFS2zwOVL"
    },
    {
      "artist": "EXO",
      "album": "THE WAR - The 4th Album",
      "track": "Ko Ko Bop",
      "uri": "spotify:track:5EzitieoPnjyKHAq0gfRMa"
    },
    {
      "artist": "David Guetta",
      "album": "Perfect (Exceeder)",
      "track": "Perfect (Exceeder)",
      "uri": "spotify:track:7jY6W92bLfnXnevTa7JKHi"
    },
    {
      "artist": "Jung Kook",
      "album": "GOLDEN",
      "track": "Somebody",
      "uri": "spotify:track:5KfJvZ0PZzRdwFRaTUDAA7"
    },
    {
      "artist": "DAY6",
      "album": "The Book of Us : Gravity",
      "track": "Time of Our Life",
      "uri": "spotify:track:21BoUOSvHlXgcEhiA4T1nA"
    },
    {
      "artist": "DNCE",
      "album": "DNCE",
      "track": "Cake By The Ocean",
      "uri": "spotify:track:76hfruVvmfQbw0eYn1nmeC"
    },
    {
      "artist": "SEVENTEEN",
      "album": "SEVENTEEN 10th Mini Album 'FML'",
      "track": "I Don't Understand But I Luv U",
      "uri": "spotify:track:3acGHJqr9xU1cnCEfLX1Lx"
    },
    {
      "artist": "Aminé",
      "album": "Good For You",
      "track": "Caroline",
      "uri": "spotify:track:5hTpBe8h35rJ67eAWHQsJx"
    },
    {
      "artist": "Dominic Fike",
      "album": "Don't Forget About Me, Demos",
      "track": "3 Nights",
      "uri": "spotify:track:1tNJrcVe6gwLEiZCtprs1u"
    },
    {
      "artist": "RIIZE",
      "album": "Memories",
      "track": "Memories",
      "uri": "spotify:track:7egcmrxRDee6C5M3AtXZ7L"
    },
    {
      "artist": "D.O.",
      "album": "공감 (Empathy) - The 1st Mini Album",
      "track": "Si Fueras Mía",
      "uri": "spotify:track:2EDpsT55NCISpccODTIUiV"
    },
    {
      "artist": "Khalid",
      "album": "American Teen",
      "track": "Location",
      "uri": "spotify:track:152lZdxL1OR0ZMW6KquMif"
    },
    {
      "artist": "BTS",
      "album": "MAP OF THE SOUL : 7",
      "track": "ON",
      "uri": "spotify:track:2QyuXBcV1LJ2rq01KhreMF"
    },
    {
      "artist": "Harry Styles",
      "album": "Harry's House",
      "track": "Little Freak",
      "uri": "spotify:track:3i058E8uxTsYqJ5NWZzqSj"
    },
    {
      "artist": "SHINee",
      "album": "Don't Call Me - The 7th Album",
      "track": "Don't Call Me",
      "uri": "spotify:track:462OPOKW0VMbvW9H7HIb0U"
    },
    {
      "artist": "Katy Perry",
      "album": "Teenage Dream",
      "track": "The One That Got Away",
      "uri": "spotify:track:6hkOqJ5mE093AQf2lbZnsG"
    },
    {
      "artist": "NCT DREAM",
      "album": "Glitch Mode - The 2nd Album",
      "track": "Glitch Mode",
      "uri": "spotify:track:5b1PngLlxc7hj3fJXrE2Zm"
    },
    {
      "artist": "SEVENTEEN",
      "album": "SEVENTEEN 4th Album Repackage 'SECTOR 17'",
      "track": "CHEERS",
      "uri": "spotify:track:1pdFdv8R6ezIAUUNkn785b"
    },
    {
      "artist": "BAEKHYUN",
      "album": "Bambi - The 3rd Mini Album",
      "track": "Bambi",
      "uri": "spotify:track:60VaORSJ5x1D4ZPSc0g2En"
    },
    {
      "artist": "88rising",
      "album": "Head In The Clouds Forever",
      "track": "Best Lover",
      "uri": "spotify:track:0iWFz0Q5Qha9bx325ocFWq"
    },
    {
      "artist": "SEVENTEEN",
      "album": "Heng:garæ",
      "track": "Kidult",
      "uri": "spotify:track:1kmmKv3L4kGmoPu8aDFOmk"
    },
    {
      "artist": "LOONA",
      "album": "Kim Lip",
      "track": "Eclipse",
      "uri": "spotify:track:26K21MUaPDTnzHqtiiffFv"
    },
    {
      "artist": "SEVENTEEN",
      "album": "Darl+ing",
      "track": "Darl+ing",
      "uri": "spotify:track:6vo0dV9t7PCQZKsLFwVwZ5"
    },
    {
      "artist": "TAEYONG",
      "album": "Long Flight",
      "track": "Long Flight",
      "uri": "spotify:track:4hHRHdPzKTpobGyyW9ipNg"
    },
    {
      "artist": "WayV-TEN&YANGYANG",
      "album": "Low Low",
      "track": "Low Low",
      "uri": "spotify:track:1TF9k6wfT1rkHnRp1AqAum"
    },
    {
      "artist": "NCT 127",
      "album": "NCT#127 LIMITLESS - The 2nd Mini Album",
      "track": "Baby Don’t Like It 나쁜 짓",
      "uri": "spotify:track:7I2nbddpDYsAe6e4biIxEO"
    },
    {
      "artist": "Justin Hurwitz",
      "album": "La La Land",
      "track": "Mia & Sebastian’s Theme",
      "uri": "spotify:track:1Vk4yRsz0iBzDiZEoFMQyv"
    },
    {
      "artist": "JEON SOMI",
      "album": "What You Waiting For",
      "track": "What You Waiting For",
      "uri": "spotify:track:4CoxD8tetisleUQDA7vn1B"
    },
    {
      "artist": "88rising",
      "album": "The Weekend",
      "track": "The Weekend",
      "uri": "spotify:track:5q3LwAHTqo9d3rET2EA9Nq"
    },
    {
      "artist": "aespa",
      "album": "Dirty Work",
      "track": "Dirty Work (feat. Flo Milli)",
      "uri": "spotify:track:6kBtuFVssWq2rORvq2ssXS"
    },
    {
      "artist": "Taylor Swift",
      "album": "folklore",
      "track": "august",
      "uri": "spotify:track:3hUxzQpSfdDqwM3ZTFQY0K"
    },
    {
      "artist": "YUGYEOM",
      "album": "Point Of View: U",
      "track": "All Your Fault (Feat. GRAY)",
      "uri": "spotify:track:4PP4siQamrO7i5Me9GOpqQ"
    },
    {
      "artist": "Ariana Grande",
      "album": "thank u, next",
      "track": "imagine",
      "uri": "spotify:track:39LmTF9RgyakzSYX8txrow"
    },
    {
      "artist": "Lady A",
      "album": "Need You Now",
      "track": "Need You Now",
      "uri": "spotify:track:11EX5yhxr9Ihl3IN1asrfK"
    },
    {
      "artist": "SEVENTEEN",
      "album": "An Ode",
      "track": "HIT",
      "uri": "spotify:track:7fMr8hvwXVWO36ZD24HBeR"
    },
    {
      "artist": "Leslie Odom Jr.",
      "album": "Hamilton",
      "track": "Non-Stop",
      "uri": "spotify:track:7qfoq1JFKBUEIvhqOHzuqX"
    },
    {
      "artist": "ATEEZ",
      "album": "THE WORLD EP.1 : MOVEMENT",
      "track": "Cyberpunk",
      "uri": "spotify:track:2Ax4rdLenBhULX7nRbhful"
    },
    {
      "artist": "NewJeans",
      "album": "NewJeans 2nd EP 'Get Up'",
      "track": "Super Shy",
      "uri": "spotify:track:0kwrPQkiGVE8KTHalH1uMo"
    },
    {
      "artist": "SEVENTEEN",
      "album": "SEVENTEEN 9th Mini Album 'Attacca'",
      "track": "Crush",
      "uri": "spotify:track:68kHuoBxtNcWZWxBu1V007"
    },
    {
      "artist": "NCT U",
      "album": "Universe - The 3rd Album",
      "track": "OK!",
      "uri": "spotify:track:5d2mc1dOSOLw25fJ7WH5fl"
    },
    {
      "artist": "SHINee",
      "album": "Sherlock - The 4th Mini Album",
      "track": "Sherlock (Clue + Note)",
      "uri": "spotify:track:2sVtrcj32v3fR8mLjqWziv"
    },
    {
      "artist": "ENHYPEN",
      "album": "MANIFESTO : DAY 1",
      "track": "ParadoXXX Invasion",
      "uri": "spotify:track:3OC2C8IpFhbUJTeMe55QYn"
    },
    {
      "artist": "ATEEZ",
      "album": "THE WORLD EP.2 : OUTLAW",
      "track": "BOUNCY (K-HOT CHILLI PEPPERS)",
      "uri": "spotify:track:5KyOUICJIvO0z71MBdPGiX"
    },
    {
      "artist": "IZ*ONE",
      "album": "COLOR*IZ",
      "track": "La Vie en Rose",
      "uri": "spotify:track:1fRaznZsAB2i63TtmYv2Hc"
    },
    {
      "artist": "NewJeans",
      "album": "NewJeans 1st EP 'New Jeans'",
      "track": "Hype Boy",
      "uri": "spotify:track:0a4MMyCrzT0En247IhqZbD"
    },
    {
      "artist": "TWICE",
      "album": "Summer Nights",
      "track": "What is Love?",
      "uri": "spotify:track:4gjVhOuUPOpF23uKkcfVYU"
    },
    {
      "artist": "NCT 127",
      "album": "Favorite - The 3rd Album Repackage",
      "track": "Favorite (Vampire)",
      "uri": "spotify:track:2R8MZR1RCP4cIJITHDPRbY"
    },
    {
      "artist": "LOONA/yyxy",
      "album": "beauty&thebeat",
      "track": "love4eva (feat. Grimes)",
      "uri": "spotify:track:4rKEmhNA19JezqVsSQS4yo"
    },
    {
      "artist": "Santana",
      "album": "Supernatural",
      "track": "Smooth (feat. Rob Thomas)",
      "uri": "spotify:track:0n2SEXB2qoRQg171q7XqeW"
    },
    {
      "artist": "Bruno Mars",
      "album": "It Will Rain",
      "track": "It Will Rain",
      "uri": "spotify:track:4rMNgxEwGWoPHIUcvB5BrB"
    },
    {
      "artist": "Iyaz",
      "album": "Replay",
      "track": "Replay",
      "uri": "spotify:track:5vlEg2fT4cFWAqU5QptIpQ"
    },
    {
      "artist": "NCT DREAM",
      "album": "We Boom - The 3rd Mini Album",
      "track": "BOOM",
      "uri": "spotify:track:6rcn967QN5JtkPOBDwYIuT"
    },
    {
      "artist": "Lady Gaga",
      "album": "The Fame Monster",
      "track": "Bad Romance",
      "uri": "spotify:track:5P5cGNzqh6A353N3ShDK6Y"
    },
    {
      "artist": "ASTRO",
      "album": "All Light",
      "track": "All Night",
      "uri": "spotify:track:6UheGr5tu8pF8CRYcWxmTW"
    },
    {
      "artist": "DAY6",
      "album": "The Book of Us : Entropy",
      "track": "Sweet Chaos",
      "uri": "spotify:track:499qjESUqiZjlNI7XQhyLp"
    },
    {
      "artist": "Travie McCoy",
      "album": "Billionaire (feat. Bruno Mars)",
      "track": "Billionaire (feat. Bruno Mars)",
      "uri": "spotify:track:2M9ULmQwTaTGmAdXaXpfz5"
    },
    {
      "artist": "SEVENTEEN",
      "album": "SEVENTEEN 1ST ALBUM [FIRST ‘LOVE&LETTER’]",
      "track": "Pretty U",
      "uri": "spotify:track:1117juaaAkSIUsQxTmmcKM"
    },
    {
      "artist": "Christina Perri",
      "album": "lovestrong.",
      "track": "jar of hearts",
      "uri": "spotify:track:0HZhYMZOcUzZKSFwPOti6m"
    },
    {
      "artist": "NCT 127",
      "album": "Favorite - The 3rd Album Repackage",
      "track": "Favorite (Vampire)",
      "uri": "spotify:track:3rR9kTA6mD9LbmsCE0QWEY"
    },
    {
      "artist": "Michael Giacchino",
      "album": "The Incredibles",
      "track": "The Incredits",
      "uri": "spotify:track:3M7GXKcmP9WzW8zoOeTSTJ"
    },
    {
      "artist": "SEVENTEEN",
      "album": "SEVENTEEN 4th Mini Album ‘Al1’",
      "track": "Crazy in Love",
      "uri": "spotify:track:1EbXVXelBudLyGasyGj7Ot"
    },
    {
      "artist": "NCT DREAM",
      "album": "Hot Sauce - The 1st Album",
      "track": "Hot Sauce",
      "uri": "spotify:track:6B8MM3PVQtUbZLay7tP7er"
    },
    {
      "artist": "88rising",
      "album": "These Nights",
      "track": "These Nights",
      "uri": "spotify:track:2n0oy8RGDpy6WGcLImTteI"
    },
    {
      "artist": "BTS",
      "album": "MAP OF THE SOUL : PERSONA",
      "track": "HOME",
      "uri": "spotify:track:7lthOBXNue2IvedLRfkod8"
    },
    {
      "artist": "THE BOYZ",
      "album": "THE BOYZ 5th MINI ALBUM [CHASE]",
      "track": "The Stealer",
      "uri": "spotify:track:2DQgD8rAJLKNptQFK70ndO"
    },
    {
      "artist": "SEVENTEEN",
      "album": "An Ode",
      "track": "Fear",
      "uri": "spotify:track:0fToFBFypPz5XMyAdAm7Ay"
    },
    {
      "artist": "NCT 127",
      "album": "NCT #127 Neo Zone - The 2nd Album",
      "track": "Love Song",
      "uri": "spotify:track:7xH1V8qRKEOCCqIJBvlTva"
    },
    {
      "artist": "Christopher Jackson",
      "album": "Hamilton",
      "track": "One Last Time",
      "uri": "spotify:track:0Iys022UwQ8xBfxE1g4nWZ"
    },
    {
      "artist": "Jonas Brothers",
      "album": "Jonas Brothers",
      "track": "Australia",
      "uri": "spotify:track:2flRzITg6x1tpWbXSytghQ"
    },
    {
      "artist": "CHANYEOL",
      "album": "We Young",
      "track": "We Young",
      "uri": "spotify:track:0eilxZjVwGfcgzzDEbcFJP"
    },
    {
      "artist": "GOT7",
      "album": "Breath of Love: Last Piece",
      "track": "Breath",
      "uri": "spotify:track:0pDh5dMblZFw7bXRsbekZ1"
    },
    {
      "artist": "LeeHi",
      "album": "4 ONLY",
      "track": "ONLY",
      "uri": "spotify:track:6TBJkXHPhu3EsMk1bshwuI"
    },
    {
      "artist": "NCT U",
      "album": "Universe - The 3rd Album",
      "track": "Universe (Let's Play Ball)",
      "uri": "spotify:track:0S38pb0gNLNpOeyV3w9gXb"
    },
    {
      "artist": "Billy Idol",
      "album": "Billy Idol",
      "track": "Dancing With Myself - 2001 Digital Remaster",
      "uri": "spotify:track:54HWkXBa3O7jH4vletYhc6"
    },
    {
      "artist": "ATEEZ",
      "album": "TREASURE EP.FIN : All To Action",
      "track": "WONDERLAND",
      "uri": "spotify:track:6k67RdkVjTZj79c1cRz7IQ"
    },
    {
      "artist": "Overdose",
      "album": "BOYS PLANET - ARTIST BATTLE",
      "track": "Over Me",
      "uri": "spotify:track:59oJpXOayvcKGbTXbrZjzF"
    },
    {
      "artist": "Nick Jonas",
      "album": "Nick Jonas X2",
      "track": "Jealous",
      "uri": "spotify:track:2RqtfcLB7iOZj0zYB8Auhu"
    },
    {
      "artist": "I-LAND",
      "album": "Into the I-Land",
      "track": "Into the I-LAND - Applicants Version",
      "uri": "spotify:track:0nTMrb8liUqXmEH9MZQqtV"
    },
    {
      "artist": "Jung Kook",
      "album": "GOLDEN",
      "track": "Seven (feat. Latto) (Explicit Ver.)",
      "uri": "spotify:track:2HRgqmZQC0MC7GeNuDIXHN"
    },
    {
      "artist": "Olivia Rodrigo",
      "album": "drivers license",
      "track": "drivers license",
      "uri": "spotify:track:7lPN2DXiMsVn7XUKtOW1CS"
    },
    {
      "artist": "Christopher Jackson",
      "album": "Hamilton",
      "track": "Cabinet Battle #1",
      "uri": "spotify:track:3TfKt8mPpdXfQTMfRjHzyz"
    },
    {
      "artist": "The Rose",
      "album": "Dawn",
      "track": "She′s In The Rain",
      "uri": "spotify:track:2I0LNCqlQpAPJlwOEWaefE"
    },
    {
      "artist": "Jonas Brothers",
      "album": "Jonas Brothers",
      "track": "Hold On",
      "uri": "spotify:track:79Hz50oQtHIt5dDoEx4IDk"
    },
    {
      "artist": "ATEEZ",
      "album": "ZERO : FEVER Part.2",
      "track": "Take Me Home",
      "uri": "spotify:track:0Fj5sQ4V4fYGVOxkoNUxz1"
    },
    {
      "artist": "LE SSERAFIM",
      "album": "ANTIFRAGILE",
      "track": "ANTIFRAGILE",
      "uri": "spotify:track:4fsQ0K37TOXa3hEQfjEic1"
    },
    {
      "artist": "TWICE",
      "album": "READY TO BE",
      "track": "SET ME FREE",
      "uri": "spotify:track:4OtVQ2ZxS7yigIjGz5yKg1"
    },
    {
      "artist": "Bruno Mars",
      "album": "Leave The Door Open",
      "track": "Leave The Door Open",
      "uri": "spotify:track:7MAibcTli4IisCtbHKrGMh"
    },
    {
      "artist": "ENHYPEN",
      "album": "BORDER : DAY ONE",
      "track": "Given-Taken",
      "uri": "spotify:track:69WpV0U7OMNFGyq8I63dcC"
    },
    {
      "artist": "KAI",
      "album": "KAI - The 1st Mini Album",
      "track": "Mmmh",
      "uri": "spotify:track:5dntGTbUtmUO239wQ0k3yM"
    },
    {
      "artist": "MAMAMOO",
      "album": "RED MOON",
      "track": "Egotistic",
      "uri": "spotify:track:3a7OyTsoZ8CCBdvEEvzLBv"
    },
    {
      "artist": "SEVENTEEN",
      "album": "; [Semicolon]",
      "track": "Do Re Mi",
      "uri": "spotify:track:4wcyQo2iV46LinjXE55RtG"
    },
    {
      "artist": "SB19",
      "album": "GENTO",
      "track": "GENTO",
      "uri": "spotify:track:1o6uF8VmXna99ysHTcQRI2"
    },
    {
      "artist": "Olivia Rodrigo",
      "album": "SOUR",
      "track": "traitor",
      "uri": "spotify:track:5CZ40GBx1sQ9agT82CLQCT"
    },
    {
      "artist": "Jus2",
      "album": "FOCUS",
      "track": "Focus On Me",
      "uri": "spotify:track:1JQPZKIXKU3wdOSjk2ILgM"
    },
    {
      "artist": "Jung Kook",
      "album": "GOLDEN",
      "track": "Yes or No",
      "uri": "spotify:track:2gkVEnpahpE3bQuvGuCpAV"
    },
    {
      "artist": "TOMORROW X TOGETHER",
      "album": "minisode1 : Blue Hour",
      "track": "Blue Hour",
      "uri": "spotify:track:3ObPkJQAgjAhTwYvDhPrAW"
    },
    {
      "artist": "ATEEZ",
      "album": "ZERO : FEVER Part.3",
      "track": "ROCKY",
      "uri": "spotify:track:1Idy1ndwsEhW10UlQFT0mF"
    },
    {
      "artist": "THE BOYZ",
      "album": "THE BOYZ 7TH MINI ALBUM [BE AWARE]",
      "track": "WHISPER",
      "uri": "spotify:track:52uklJhyhJbLvHrgkiqCaW"
    },
    {
      "artist": "Ariana Grande",
      "album": "thank u, next",
      "track": "break up with your girlfriend, i'm bored",
      "uri": "spotify:track:4kV4N9D1iKVxx1KLvtTpjS"
    },
    {
      "artist": "Ariana Grande",
      "album": "thank u, next",
      "track": "make up",
      "uri": "spotify:track:27356GVuMPFWiJSZCragoM"
    },
    {
      "artist": "SEVENTEEN",
      "album": "Heng:garæ",
      "track": "My My",
      "uri": "spotify:track:2ofZmsQptNzgUfmbNlnPYI"
    },
    {
      "artist": "ITZY",
      "album": "IT'z ICY",
      "track": "CHERRY",
      "uri": "spotify:track:3Ef2Sr4U0oehtcozO23yUN"
    },
    {
      "artist": "P1Harmony",
      "album": "HARMONY : ZERO IN",
      "track": "Doom Du Doom",
      "uri": "spotify:track:41tvdK0UNp3oNKWDPkg7FO"
    },
    {
      "artist": "Lady Gaga",
      "album": "Born This Way",
      "track": "Born This Way",
      "uri": "spotify:track:6aDi4gOE2Cfc6ecynvP81R"
    },
    {
      "artist": "SEVENTEEN",
      "album": "Heng:garæ",
      "track": "Kidult",
      "uri": "spotify:track:23EXCgTa99RN6b3KwtkodK"
    },
    {
      "artist": "Rick Springfield",
      "album": "The Best Of Rick Springfield",
      "track": "Jessie's Girl",
      "uri": "spotify:track:0TF3F5Lw5apoD1zvR8LikO"
    },
    {
      "artist": "TAEYONG",
      "album": "2021 Winter SMTOWN : SMCU EXPRESS",
      "track": "ZOO",
      "uri": "spotify:track:7eVu7FI02cTicLEgVtUvwF"
    },
    {
      "artist": "SEVENTEEN",
      "album": "SEVENTEEN 8th Mini Album 'Your Choice'",
      "track": "Same dream, same mind, same night",
      "uri": "spotify:track:1afEbbD4hZvdA5orDq1sPj"
    },
    {
      "artist": "BTS",
      "album": "Love Yourself 承 'Her'",
      "track": "dimple",
      "uri": "spotify:track:6pp6xf9zS55GD4nr318XUH"
    },
    {
      "artist": "Jay Park",
      "album": "V",
      "track": "V",
      "uri": "spotify:track:3f5XXfnwDmo3z8fJPb9Oxa"
    },
    {
      "artist": "NCT DREAM",
      "album": "Hello Future - The 1st Album Repackage",
      "track": "Hello Future",
      "uri": "spotify:track:332GJ8ykVuEt3jOT1sy7j6"
    },
    {
      "artist": "BAEKHYUN",
      "album": "BAEKHYUN",
      "track": "Get You Alone",
      "uri": "spotify:track:3K1hH4PSGXbzczwtdBvMNW"
    },
    {
      "artist": "SEVENTEEN",
      "album": "SEVENTEEN 4th Album Repackage 'SECTOR 17'",
      "track": "_WORLD",
      "uri": "spotify:track:3QwiidVHfeE9y5jl4n2MTC"
    },
    {
      "artist": "ZEROBASEONE",
      "album": "MELTING POINT",
      "track": "Take My Hand",
      "uri": "spotify:track:2fpul5lhD5I0fHQrwliJku"
    },
    {
      "artist": "Jung Kook",
      "album": "Seven (feat. Latto)",
      "track": "Seven (feat. Latto)",
      "uri": "spotify:track:7x9aauaA9cu6tyfpHnqDLo"
    },
    {
      "artist": "TOMORROW X TOGETHER",
      "album": "The Dream Chapter: MAGIC",
      "track": "9 and Three Quarters (Run Away)",
      "uri": "spotify:track:2MsNSKQNQNRklkKFxxvIav"
    },
    {
      "artist": "Dua Lipa",
      "album": "Barbie The Album",
      "track": "Dance The Night",
      "uri": "spotify:track:11C4y2Yz1XbHmaQwO06s9f"
    },
    {
      "artist": "ZEROBASEONE",
      "album": "MELTING POINT",
      "track": "MELTING POINT",
      "uri": "spotify:track:6Sj39jSqhxjJ8K66Mw8hrU"
    },
    {
      "artist": "Childish Gambino",
      "album": "\"Awaken, My Love!\"",
      "track": "Terrified",
      "uri": "spotify:track:1D1oE9i8sxo8fJ1Jbgr3Ys"
    },
    {
      "artist": "Leslie Odom Jr.",
      "album": "Hamilton",
      "track": "Guns and Ships",
      "uri": "spotify:track:7m9XR7FquXLP1FewdAcNS9"
    },
    {
      "artist": "Taylor Swift",
      "album": "Midnights",
      "track": "Anti-Hero",
      "uri": "spotify:track:0V3wPSX9ygBnCm8psDIegu"
    },
    {
      "artist": "BTS",
      "album": "2 Cool 4 Skool",
      "track": "Like",
      "uri": "spotify:track:1HQHuPpr2s2z3VIBTLtUmv"
    },
    {
      "artist": "BTS",
      "album": "MAP OF THE SOUL : 7",
      "track": "00:00 (Zero O’Clock)",
      "uri": "spotify:track:4AlihYDqxXshKhvh5tnMfP"
    },
    {
      "artist": "Whee In",
      "album": "Redd",
      "track": "water color",
      "uri": "spotify:track:2pNJ0TsgiRc4mGdYHazD5w"
    },
    {
      "artist": "BTS",
      "album": "BE",
      "track": "Dis-ease",
      "uri": "spotify:track:54DmTIv86D3sYdiawjULQ0"
    },
    {
      "artist": "Olivia Rodrigo",
      "album": "vampire",
      "track": "vampire",
      "uri": "spotify:track:3k79jB4aGmMDUQzEwa46Rz"
    },
    {
      "artist": "Dan + Shay",
      "album": "Dan + Shay",
      "track": "Speechless",
      "uri": "spotify:track:3GJ4hzg4lrGwU51Y3VARbF"
    },
    {
      "artist": "FIFTY FIFTY",
      "album": "The Beginning: Cupid",
      "track": "Cupid",
      "uri": "spotify:track:4dKa5ZzlGqUy3Wo0yaXKNI"
    },
    {
      "artist": "ZEROBASEONE",
      "album": "MELTING POINT",
      "track": "CRUSH",
      "uri": "spotify:track:2qiWQf7ka0C4XoA7JAZ1q5"
    },
    {
      "artist": "The Beatles",
      "album": "1",
      "track": "Penny Lane - Remastered 2015",
      "uri": "spotify:track:7afyyi8zn4FzWbcJ70F56V"
    },
    {
      "artist": "Red Velvet",
      "album": "‘The ReVe Festival’ Day 2",
      "track": "Eyes Locked, Hands Locked",
      "uri": "spotify:track:4o6LdaI3q5QFjs0sziszsD"
    },
    {
      "artist": "ZEROBASEONE",
      "album": "YOUTH IN THE SHADE",
      "track": "In Bloom",
      "uri": "spotify:track:3F4lHPNHlvr3RpO4tpVOIs"
    },
    {
      "artist": "Drake",
      "album": "Nice For What",
      "track": "Nice For What",
      "uri": "spotify:track:1cTZMwcBJT0Ka3UJPXOeeN"
    },
    {
      "artist": "YUGYEOM",
      "album": "Take You Down",
      "track": "Take You Down (Feat. Coogie)",
      "uri": "spotify:track:4BJoCk9oiInkkAMqgjiRek"
    },
    {
      "artist": "ATEEZ",
      "album": "ZERO : FEVER Part.2",
      "track": "Fireworks (I'm The One)",
      "uri": "spotify:track:0rNLaGUleZ91DXMxmZNq5v"
    },
    {
      "artist": "SEVENTEEN",
      "album": "SEVENTEEN 6TH MINI ALBUM 'YOU MADE MY DAWN'",
      "track": "Home",
      "uri": "spotify:track:5TyCTVsBsHeeutZcU2uP5s"
    },
    {
      "artist": "Taylor Swift",
      "album": "Lover",
      "track": "Cruel Summer",
      "uri": "spotify:track:1BxfuPKGuaTgP7aM0Bbdwr"
    },
    {
      "artist": "ZEROBASEONE",
      "album": "MELTING POINT",
      "track": "Good Night",
      "uri": "spotify:track:3WQYdKHLbXQGitt7exmMXW"
    },
    {
      "artist": "aespa",
      "album": "MY WORLD - The 3rd Mini Album",
      "track": "I'm Unhappy",
      "uri": "spotify:track:6fzio74FGqFFsenYkbGPzR"
    },
    {
      "artist": "SZA",
      "album": "SOS",
      "track": "Snooze",
      "uri": "spotify:track:4iZ4pt7kvcaH6Yo8UoZ4s2"
    },
    {
      "artist": "IU",
      "album": "IU 5th Album 'LILAC'",
      "track": "LILAC",
      "uri": "spotify:track:5xrtzzzikpG3BLbo4q1Yul"
    },
    {
      "artist": "XG",
      "album": "SHOOTING STAR",
      "track": "LEFT RIGHT",
      "uri": "spotify:track:3v5o91PrUtf0nmO6j8J7dZ"
    },
    {
      "artist": "Lorde",
      "album": "Pure Heroine",
      "track": "Royals",
      "uri": "spotify:track:2dLLR6qlu5UJ5gk0dKz0h3"
    },
    {
      "artist": "BLACKPINK",
      "album": "BORN PINK",
      "track": "Shut Down",
      "uri": "spotify:track:7gRFDGEzF9UkBV233yv2dc"
    },
    {
      "artist": "Jung Kook",
      "album": "Dreamers [Music from the FIFA World Cup Qatar 2022 Official Soundtrack]",
      "track": "Dreamers [Music from the FIFA World Cup Qatar 2022 Official Soundtrack]",
      "uri": "spotify:track:1RDvyOk4WtPCtoqciJwVn8"
    },
    {
      "artist": "Renée Elise Goldsberry",
      "album": "Hamilton",
      "track": "Satisfied",
      "uri": "spotify:track:3dP0pLbg9OfVwssDjp9aT0"
    },
    {
      "artist": "Renée Elise Goldsberry",
      "album": "Hamilton",
      "track": "The Schuyler Sisters",
      "uri": "spotify:track:71X7bPDljJHrmEGYCe7kQ8"
    },
    {
      "artist": "EXO",
      "album": "The 1st Album 'XOXO' (Repackage)",
      "track": "Growl",
      "uri": "spotify:track:4pi0Elz7B7cLfw37J3bYm9"
    },
    {
      "artist": "Agust D",
      "album": "D-2",
      "track": "Daechwita",
      "uri": "spotify:track:1Y7AZ3akqDipAyo6mmOQTy"
    },
    {
      "artist": "Kanye West",
      "album": "The Life Of Pablo",
      "track": "Ultralight Beam",
      "uri": "spotify:track:6CbEf47L2P4wEKY96uu6W8"
    },
    {
      "artist": "Bridgit Mendler",
      "album": "Lemonade Mouth",
      "track": "Somebody",
      "uri": "spotify:track:4mkaqLW2UeMctDDavCzsdw"
    },
    {
      "artist": "Jonas Brothers",
      "album": "Lines, Vines and Trying Times",
      "track": "Paranoid",
      "uri": "spotify:track:6mDpUEYNqfdDQ0OWfjLIhX"
    },
    {
      "artist": "Kesha",
      "album": "Animal (Expanded Edition)",
      "track": "TiK ToK",
      "uri": "spotify:track:0HPD5WQqrq7wPWR7P7Dw1i"
    },
    {
      "artist": "JUN",
      "album": "LIMBO",
      "track": "LIMBO (Korean Version)",
      "uri": "spotify:track:54p6HYutzI4V4aXN0UiJ8n"
    },
    {
      "artist": "Jasmine Cephas-Jones",
      "album": "Hamilton",
      "track": "Say No to This",
      "uri": "spotify:track:3s9itRgJYcKhem01P17865"
    },
    {
      "artist": "The Weeknd",
      "album": "Die For You",
      "track": "Die For You - Remix",
      "uri": "spotify:track:7oDd86yk8itslrA9HRP2ki"
    },
    {
      "artist": "P1Harmony",
      "album": "HARMONY : SET IN",
      "track": "Back Down",
      "uri": "spotify:track:7EP9G7AIKrywWGdYsYZzGv"
    },
    {
      "artist": "BAEKHYUN",
      "album": "Delight - The 2nd Mini Album",
      "track": "R U Ridin’?",
      "uri": "spotify:track:4Jxc98fY5SQ6zyGg8Dnybw"
    },
    {
      "artist": "Agust D",
      "album": "D-2",
      "track": "Daechwita",
      "uri": "spotify:track:0H4ugk6rhnXmTl47ayy9O5"
    },
    {
      "artist": "Billy Joel",
      "album": "An Innocent Man",
      "track": "The Longest Time",
      "uri": "spotify:track:5DH7nDryMhpixm4G4B7RP9"
    },
    {
      "artist": "BTS",
      "album": "MAP OF THE SOUL : 7",
      "track": "Moon",
      "uri": "spotify:track:1xfXXujIlLZAx5wpu46Nyk"
    },
    {
      "artist": "SEVENTEEN",
      "album": "SEVENTEEN 2nd Mini Album ‘BOYS BE’",
      "track": "Mansae",
      "uri": "spotify:track:5rIsrawNyPv1q8v11iwJsh"
    },
    {
      "artist": "Kesha",
      "album": "Cannibal (Expanded Edition)",
      "track": "We R Who We R",
      "uri": "spotify:track:3LUWWox8YYykohBbHUrrxd"
    },
    {
      "artist": "ATEEZ",
      "album": "GOLDEN HOUR : Part.1",
      "track": "WORK",
      "uri": "spotify:track:3VHD84tIdyxRTtRc167YSR"
    },
    {
      "artist": "Lin-Manuel Miranda",
      "album": "Hamilton",
      "track": "Aaron Burr, Sir",
      "uri": "spotify:track:6dr7ekfhlbquvsVY8D7gyk"
    },
    {
      "artist": "Demi Lovato",
      "album": "Don't Forget",
      "track": "Get Back",
      "uri": "spotify:track:5rnLFnHktBdmpxwYXJXyQI"
    },
    {
      "artist": "Renée Elise Goldsberry",
      "album": "Hamilton",
      "track": "It's Quiet Uptown",
      "uri": "spotify:track:40LYL1Z6xgCn5cBybo5K0D"
    },
    {
      "artist": "NCT",
      "album": "NCT 2018 EMPATHY",
      "track": "The 7th Sense",
      "uri": "spotify:track:6BdchFAP4TUZUceAsAEb5U"
    },
    {
      "artist": "Jonas Brothers",
      "album": "A Little Bit Longer",
      "track": "Burnin' Up",
      "uri": "spotify:track:2VEsmoek0sol9MnJFyoG9e"
    },
    {
      "artist": "Michael Giacchino",
      "album": "The Incredibles",
      "track": "The Glory Days",
      "uri": "spotify:track:59Djq0zGIu8HDZ8QXs2oiz"
    },
    {
      "artist": "NCT 127",
      "album": "NCT #127 Regular-Irregular - The 1st Album",
      "track": "Regular - English Version",
      "uri": "spotify:track:4KqPuyZdcjXuRqXSARnt6r"
    },
    {
      "artist": "BTS",
      "album": "MAP OF THE SOUL : 7",
      "track": "Friends",
      "uri": "spotify:track:7w05lsU2VLSeiT8Nukrv5M"
    },
    {
      "artist": "Maroon 5",
      "album": "Songs About Jane",
      "track": "She Will Be Loved",
      "uri": "spotify:track:7sapKrjDij2fpDVj0GxP66"
    },
    {
      "artist": "THE BOYZ",
      "album": "THE BOYZ 6TH MINI ALBUM [THRILL-ING]",
      "track": "THRILL RIDE",
      "uri": "spotify:track:3wEYYVD6uC3A3LhVhqARZv"
    },
    {
      "artist": "TOMORROW X TOGETHER",
      "album": "The Chaos Chapter: FIGHT OR ESCAPE",
      "track": "LO$ER=LO♡ER",
      "uri": "spotify:track:21aOLk12MksET8AsbU0SI6"
    },
    {
      "artist": "A$AP Ferg",
      "album": "Still Striving",
      "track": "Plain Jane",
      "uri": "spotify:track:4dVpf9jZjcORqGTLUaeYj9"
    },
    {
      "artist": "BLACKPINK",
      "album": "BORN PINK",
      "track": "Shut Down",
      "uri": "spotify:track:0ARKW62l9uWIDYMZTUmJHF"
    },
    {
      "artist": "GOT7",
      "album": "Just Right",
      "track": "Just Right",
      "uri": "spotify:track:4ER58qECydWokIsgqtysWu"
    },
    {
      "artist": "BTS",
      "album": "MAP OF THE SOUL : 7",
      "track": "Louder than bombs",
      "uri": "spotify:track:3op7HNwLli54MBjFGzIlZO"
    },
    {
      "artist": "Ariana Grande",
      "album": "thank u, next",
      "track": "bad idea",
      "uri": "spotify:track:5Il6Oe7lr5XM7A0cWbVQtr"
    },
    {
      "artist": "Jung Kook",
      "album": "GOLDEN",
      "track": "Closer to You (feat. Major Lazer)",
      "uri": "spotify:track:06Qo2fYR2KS1F7bL338iVT"
    },
    {
      "artist": "David Guetta",
      "album": "One Love",
      "track": "Memories (feat. Kid Cudi)",
      "uri": "spotify:track:4dTaAiV9xFFCxnPur9c9yL"
    },
    {
      "artist": "Drake",
      "album": "Views",
      "track": "Feel No Ways",
      "uri": "spotify:track:12C1XYFQGZYXRYJNbsgDc7"
    },
    {
      "artist": "TWICE",
      "album": "Formula of Love: O+T=<3",
      "track": "HELLO (NAYEON, MOMO, CHAEYOUNG)",
      "uri": "spotify:track:1bXM8imxd31qCecbHgSk9E"
    },
    {
      "artist": "Red Velvet",
      "album": "Summer Magic - Summer Mini Album",
      "track": "Power Up",
      "uri": "spotify:track:381g0b6QZxC13SzA2HRMIc"
    },
    {
      "artist": "DAY6",
      "album": "The Book of Us: The Demon",
      "track": "Zombie",
      "uri": "spotify:track:4s0dJmVknlUl7V6oK3puzZ"
    },
    {
      "artist": "LOONA",
      "album": "Kim Lip",
      "track": "Eclipse",
      "uri": "spotify:track:3y3gnrkETEr90Zpe6fNuOt"
    },
    {
      "artist": "NCT 127",
      "album": "Ay-Yo - The 4th Album Repackage",
      "track": "Ay-Yo",
      "uri": "spotify:track:2KwOuFfwQyT9mZqjvchd81"
    },
    {
      "artist": "Pink Sweat$",
      "album": "17 (feat. Joshua and DK of SEVENTEEN)",
      "track": "17 (feat. Joshua and DK of SEVENTEEN)",
      "uri": "spotify:track:5SifNhmUO8iSEoWFQU8kxH"
    },
    {
      "artist": "ATEEZ",
      "album": "ZERO : FEVER Part.1",
      "track": "INCEPTION",
      "uri": "spotify:track:7zC6xvBPnIC92K06pMpstY"
    },
    {
      "artist": "BOYS PLANET",
      "album": "BOYS PLANET - FINAL TOP9 BATTLE",
      "track": "Jelly Pop",
      "uri": "spotify:track:6fJW5vgrTBrKksFKApn7v2"
    },
    {
      "artist": "TO1",
      "album": "WHY NOT??",
      "track": "Drummin′",
      "uri": "spotify:track:078ikJBghCOeTJnz8vmr19"
    },
    {
      "artist": "CIX",
      "album": "CIX 4th EP Album ‘HELLO’ Chapter Ø. Hello, Strange Dream",
      "track": "Cinema",
      "uri": "spotify:track:45WEkgFSP5Af8Huepaj4P1"
    },
    {
      "artist": "Lin-Manuel Miranda",
      "album": "Hamilton",
      "track": "My Shot",
      "uri": "spotify:track:4cxvludVmQxryrnx1m9FqL"
    },
    {
      "artist": "NCT 127",
      "album": "Sticker - The 3rd Album",
      "track": "Focus",
      "uri": "spotify:track:3OXAycDk6KZnCfYA0LABUr"
    },
    {
      "artist": "Billy Joel",
      "album": "The Stranger (Legacy Edition)",
      "track": "She's Always a Woman",
      "uri": "spotify:track:5RgFlk1fcClZd0Y4SGYhqH"
    },
    {
      "artist": "NewJeans",
      "album": "NewJeans 1st EP 'New Jeans'",
      "track": "Cookie",
      "uri": "spotify:track:2DwUdMJ5uxv20EhAildreg"
    },
    {
      "artist": "Kanye West",
      "album": "The Life Of Pablo",
      "track": "Fade",
      "uri": "spotify:track:4lmgGyIxytFvJ142GBCJgz"
    },
    {
      "artist": "BTS",
      "album": "MAP OF THE SOUL : 7",
      "track": "Make It Right",
      "uri": "spotify:track:1OqkHhYOcqfwYx7LqlAE8Y"
    },
    {
      "artist": "EXO",
      "album": "EXODUS - The 2nd Album",
      "track": "CALL ME BABY",
      "uri": "spotify:track:6Rx0ORYPP3GH9rTvGS5Vy8"
    },
    {
      "artist": "TWICE",
      "album": "FANCY YOU",
      "track": "FANCY",
      "uri": "spotify:track:2qQpFbqqkLOGySgNK8wBXt"
    },
    {
      "artist": "GOT7",
      "album": "Present : YOU",
      "track": "Lullaby",
      "uri": "spotify:track:2iXvnjL5CH66UpnGjXHDmZ"
    },
    {
      "artist": "RIIZE",
      "album": "Talk Saxy",
      "track": "Talk Saxy",
      "uri": "spotify:track:2cEwQnP4284g37N6D7ETND"
    },
    {
      "artist": "SHINee",
      "album": "Odd - The 4th Album",
      "track": "View",
      "uri": "spotify:track:46E1ic6n099e76t5J1TbHn"
    },
    {
      "artist": "BAEKHYUN",
      "album": "Bambi - The 3rd Mini Album",
      "track": "All I Got",
      "uri": "spotify:track:2iVsJ2ZuD6b0aHUSi6wcQG"
    },
    {
      "artist": "The Rose",
      "album": "HEAL",
      "track": "Definition of ugly is",
      "uri": "spotify:track:6b75EZgmYfhGLpHQZcfsYW"
    },
    {
      "artist": "NCT 127",
      "album": "NCT#127 LIMITLESS - The 2nd Mini Album",
      "track": "無限的我 무한적아; LIMITLESS",
      "uri": "spotify:track:6m96zMB8BrLrpyT7NvApxB"
    },
    {
      "artist": "Jay Park",
      "album": "EVERYTHING YOU WANTED",
      "track": "All I Wanna Do (K) (Feat. Hoody & Loco)",
      "uri": "spotify:track:2FWquqPNxte8iqZ3ATQG0p"
    },
    {
      "artist": "GOT7",
      "album": "Breath of Love: Last Piece",
      "track": "We Are Young",
      "uri": "spotify:track:7JkWbwxCqmm913MgcxIozF"
    },
    {
      "artist": "Khalid",
      "album": "American Teen",
      "track": "Young Dumb & Broke",
      "uri": "spotify:track:5Z3GHaZ6ec9bsiI5BenrbY"
    },
    {
      "artist": "SEVENTEEN",
      "album": "SEVENTEEN 8th Mini Album 'Your Choice'",
      "track": "Ready to love",
      "uri": "spotify:track:2FymmKBuog0loCuNXMwQID"
    },
    {
      "artist": "BAEKHYUN",
      "album": "City Lights - The 1st Mini Album",
      "track": "Betcha",
      "uri": "spotify:track:1YhC9zXqhm1zsFpcf7vTPN"
    },
    {
      "artist": "Olivia Rodrigo",
      "album": "Can’t Catch Me Now",
      "track": "Can’t Catch Me Now - from The Hunger Games: The Ballad of Songbirds & Snakes",
      "uri": "spotify:track:56xHMIfQPoe0prrSi3BGhf"
    },
    {
      "artist": "Miley Cyrus",
      "album": "Flowers",
      "track": "Flowers",
      "uri": "spotify:track:0yLdNVWF3Srea0uzk55zFn"
    },
    {
      "artist": "Taylor Swift",
      "album": "evermore",
      "track": "tolerate it",
      "uri": "spotify:track:0PurA4JVJ8YQgSVopY8fn6"
    },
    {
      "artist": "TOMORROW X TOGETHER",
      "album": "The Dream Chapter: STAR",
      "track": "CROWN",
      "uri": "spotify:track:32h6yQGn4oAhZ0HRsTMX26"
    },
    {
      "artist": "Ariana Grande",
      "album": "thank u, next",
      "track": "fake smile",
      "uri": "spotify:track:3wFLWP0FcIqHK1wb1CPthQ"
    },
    {
      "artist": "ATEEZ",
      "album": "ZERO : FEVER Part.3",
      "track": "Deja Vu",
      "uri": "spotify:track:3zmrdOtnOogqLllz26WLZ3"
    },
    {
      "artist": "TOMORROW X TOGETHER",
      "album": "The Name Chapter: TEMPTATION",
      "track": "Happy Fools (feat. Coi Leray)",
      "uri": "spotify:track:77LZvE2XLYn2AW55UxIG8H"
    },
    {
      "artist": "Jonas Brothers",
      "album": "A Little Bit Longer",
      "track": "Lovebug",
      "uri": "spotify:track:3F8xLc6T4VvKH7I6wqVAN2"
    },
    {
      "artist": "D.O.",
      "album": "That's okay",
      "track": "That's okay",
      "uri": "spotify:track:2Ghu1DdMwxS3VAyB7i38Wo"
    },
    {
      "artist": "Kanye West",
      "album": "The Life Of Pablo",
      "track": "Father Stretch My Hands Pt. 1",
      "uri": "spotify:track:7GwMPc1Id4sAotVekDP4b2"
    },
    {
      "artist": "Taylor Swift",
      "album": "evermore",
      "track": "no body, no crime (feat. HAIM)",
      "uri": "spotify:track:3RaT22zZsxVYxxKR7TAaYF"
    },
    {
      "artist": "MONSTA X",
      "album": "ALL ABOUT LUV",
      "track": "MIDDLE OF THE NIGHT",
      "uri": "spotify:track:2QqHAiFdDZKFJkr1xCV9dG"
    },
    {
      "artist": "aespa",
      "album": "MY WORLD - The 3rd Mini Album",
      "track": "Spicy",
      "uri": "spotify:track:1ULdASrNy5rurl1TZfFaMP"
    },
    {
      "artist": "Jung Kook",
      "album": "GOLDEN",
      "track": "Too Sad to Dance",
      "uri": "spotify:track:3bNNvJA7hsGw0wSpGkfOBm"
    },
    {
      "artist": "i-dle",
      "album": "I feel",
      "track": "Queencard",
      "uri": "spotify:track:4uOBL4DDWWVx4RhYKlPbPC"
    },
    {
      "artist": "GOT the beat",
      "album": "Step Back",
      "track": "Step Back",
      "uri": "spotify:track:3LCwQoTrdQgHsGJE5gGVqx"
    },
    {
      "artist": "NCT 127",
      "album": "Fact Check - The 5th Album",
      "track": "Angel Eyes",
      "uri": "spotify:track:2bOrjwAmNpzLZBIe51FAUq"
    },
    {
      "artist": "LE SSERAFIM",
      "album": "UNFORGIVEN",
      "track": "Eve, Psyche & The Bluebeard’s wife",
      "uri": "spotify:track:4QhnNyKDsAkXPwHkSnuc89"
    },
    {
      "artist": "MAMAMOO",
      "album": "4colors",
      "track": "Sleep Talk",
      "uri": "spotify:track:1TlGhPwiXjUd9J0ckOw1wT"
    },
    {
      "artist": "TOMORROW X TOGETHER",
      "album": "The Name Chapter: TEMPTATION",
      "track": "Tinnitus (Wanna be a rock)",
      "uri": "spotify:track:0f0SbtoKGe41cX5LzlnX6X"
    },
    {
      "artist": "NIKI",
      "album": "Shang-Chi and The Legend of The Ten Rings: The Album",
      "track": "Every Summertime",
      "uri": "spotify:track:06nIuUCXydh4DcVfFhJa4R"
    },
    {
      "artist": "BTS",
      "album": "Love Yourself 承 'Her'",
      "track": "dimple",
      "uri": "spotify:track:3ryjLm3oupIjJFGc39naNi"
    },
    {
      "artist": "i-dle",
      "album": "I NEVER DIE",
      "track": "TOMBOY",
      "uri": "spotify:track:0IGUXY4JbK18bu9oD4mPIm"
    },
    {
      "artist": "Taylor Swift",
      "album": "THE TORTURED POETS DEPARTMENT",
      "track": "Down Bad",
      "uri": "spotify:track:2F3N9tdombb64aW6VtZOdo"
    },
    {
      "artist": "Common Kings",
      "album": "Lost In Paradise",
      "track": "Take Her",
      "uri": "spotify:track:4IuP52dQy0XyUbPLC2kATB"
    },
    {
      "artist": "NCT U",
      "album": "Golden Age - The 4th Album",
      "track": "Baggy Jeans",
      "uri": "spotify:track:2pozUjd7AVIPwSNDqoU3ek"
    },
    {
      "artist": "Katy Perry",
      "album": "Teenage Dream",
      "track": "Teenage Dream",
      "uri": "spotify:track:5jzKL4BDMClWqRguW5qZvh"
    },
    {
      "artist": "Ariana Grande",
      "album": "thank u, next",
      "track": "bloodline",
      "uri": "spotify:track:2hloaUoRonYssMuqLCBLTX"
    },
    {
      "artist": "ATEEZ",
      "album": "THE WORLD EP.PARADIGM",
      "track": "Paradigm",
      "uri": "spotify:track:2YeteVB8F8UkB5gmRPevLm"
    },
    {
      "artist": "Taylor Swift",
      "album": "Wildest Dreams (Taylor's Version)",
      "track": "Wildest Dreams (Taylor's Version)",
      "uri": "spotify:track:1Ov37jtRQ2YNAe8HzfczkL"
    },
    {
      "artist": "aespa",
      "album": "Girls - The 2nd Mini Album",
      "track": "Girls",
      "uri": "spotify:track:07fqC2Puj13frv9iYtlcri"
    },
    {
      "artist": "GOT7",
      "album": "MAD Winter Edition",
      "track": "If You Do",
      "uri": "spotify:track:72HYwYmfl6Y8AzbJO0z6vB"
    },
    {
      "artist": "TAEMIN",
      "album": "Advice - The 3rd Mini Album",
      "track": "Advice",
      "uri": "spotify:track:4rOODw637hsmsq0uzT0DN3"
    },
    {
      "artist": "SEVENTEEN",
      "album": "SEVENTEEN SPECIAL ALBUM 'DIRECTOR'S CUT’",
      "track": "THANKS",
      "uri": "spotify:track:7cbZIBLhfD9taMBgEsIhIp"
    },
    {
      "artist": "Jay Park",
      "album": "Worldwide",
      "track": "몸매 Mommae (feat. Ugly Duck)",
      "uri": "spotify:track:4mwzUFtpBHJVyBs16YjjPN"
    },
    {
      "artist": "aespa",
      "album": "Savage - The 1st Mini Album",
      "track": "Savage",
      "uri": "spotify:track:3dbLT62Cvs46Ju7a8gpr36"
    },
    {
      "artist": "ITZY",
      "album": "CRAZY IN LOVE",
      "track": "LOCO",
      "uri": "spotify:track:5b8FtevTVz8xVF6E208xeV"
    },
    {
      "artist": "Red Velvet",
      "album": "The Perfect Red Velvet - The 2nd Album Repackage",
      "track": "Bad Boy",
      "uri": "spotify:track:5GKwq4sO5ZHKuWaDmdwMQc"
    },
    {
      "artist": "Rachel Zegler",
      "album": "The Hunger Games: The Ballad of Songbirds & Snakes",
      "track": "The Hanging Tree - from The Hunger Games: The Ballad of Songbirds & Snakes",
      "uri": "spotify:track:6X0F53XRWhmVKAaQsnuRDL"
    },
    {
      "artist": "Jack Harlow",
      "album": "Nail Tech",
      "track": "Nail Tech",
      "uri": "spotify:track:62Yo3FDddWY8ydu6PW2wyz"
    },
    {
      "artist": "LE SSERAFIM",
      "album": "ANTIFRAGILE",
      "track": "Good Parts (when the quality is bad but I am)",
      "uri": "spotify:track:1sZBzYhrQG40zcSuKkI93c"
    },
    {
      "artist": "SuperM",
      "album": "SuperM - The 1st Mini Album",
      "track": "No Manners",
      "uri": "spotify:track:3dJecOICXVH0e9oDU6wDyN"
    },
    {
      "artist": "AOA",
      "album": "MINISKIRT",
      "track": "Miniskirt",
      "uri": "spotify:track:6Yj8kVuVR3UPxx9r5eFEoV"
    },
    {
      "artist": "The Rose",
      "album": "Void",
      "track": "sorry",
      "uri": "spotify:track:54SuHqxVjZVNDyIUVpSgpJ"
    },
    {
      "artist": "Ariana Grande",
      "album": "Stuck with U",
      "track": "Stuck with U (with Justin Bieber)",
      "uri": "spotify:track:4HBZA5flZLE435QTztThqH"
    },
    {
      "artist": "GOT7",
      "album": "Eyes On You",
      "track": "Look",
      "uri": "spotify:track:5JwuXvMV8f7ftQczIPCzmm"
    },
    {
      "artist": "KISS OF LIFE",
      "album": "KISS OF LIFE",
      "track": "Shhh",
      "uri": "spotify:track:76qqDJijAjFph7sjUxNVG8"
    },
    {
      "artist": "NewJeans",
      "album": "NewJeans 2nd EP 'Get Up'",
      "track": "ETA",
      "uri": "spotify:track:56v8WEnGzLByGsDAXDiv4d"
    },
    {
      "artist": "Leslie Odom Jr.",
      "album": "Hamilton",
      "track": "Alexander Hamilton",
      "uri": "spotify:track:4TTV7EcfroSLWzXRY6gLv6"
    },
    {
      "artist": "Jonas Brothers",
      "album": "It's About Time",
      "track": "Year 3000",
      "uri": "spotify:track:7BbyWKteSctTKe696qf7fw"
    },
    {
      "artist": "CIX",
      "album": "HELLO Chapter 3: Hello, Strange Time",
      "track": "Jungle",
      "uri": "spotify:track:0QyLYuhCdzwVk9OkmvwAjh"
    },
    {
      "artist": "Queen",
      "album": "A Day At The Races",
      "track": "Somebody To Love - Remastered 2011",
      "uri": "spotify:track:6cFZ4PLC19taNlpl9pbGMf"
    },
    {
      "artist": "Jonas Brothers",
      "album": "Jonas Brothers",
      "track": "That's Just The Way We Roll",
      "uri": "spotify:track:0EsjWfC9lJiAZAHe5sMqGt"
    },
    {
      "artist": "NCT U",
      "album": "NCT RESONANCE Pt. 2 - The 2nd Album",
      "track": "90's Love",
      "uri": "spotify:track:64EDGnUytmCV7TfOo67810"
    },
    {
      "artist": "SEVENTEEN",
      "album": "; [Semicolon]",
      "track": "HOME;RUN",
      "uri": "spotify:track:2iW0q5jJJT5HKlIs25AAgv"
    },
    {
      "artist": "ENHYPEN",
      "album": "DIMENSION : DILEMMA",
      "track": "Upper Side Dreamin’",
      "uri": "spotify:track:6oSCR9n71tmwWL3GFb65Ec"
    },
    {
      "artist": "LE SSERAFIM",
      "album": "FEARLESS",
      "track": "FEARLESS",
      "uri": "spotify:track:296nXCOv97WJNRWzIBQnoj"
    },
    {
      "artist": "Michael Bublé",
      "album": "Crazy Love",
      "track": "Haven't Met You Yet",
      "uri": "spotify:track:4fIWvT19w9PR0VVBuPYpWA"
    },
    {
      "artist": "Leslie Odom Jr.",
      "album": "Hamilton",
      "track": "Wait for It",
      "uri": "spotify:track:7EqpEBPOohgk7NnKvBGFWo"
    },
    {
      "artist": "Christina Perri",
      "album": "a thousand years",
      "track": "a thousand years",
      "uri": "spotify:track:6lanRgr6wXibZr8KgzXxBl"
    },
    {
      "artist": "aespa",
      "album": "Next Level",
      "track": "Next Level",
      "uri": "spotify:track:2zrhoHlFKxFTRF5aMyxMoQ"
    },
    {
      "artist": "Billy Joel",
      "album": "Piano Man",
      "track": "Piano Man",
      "uri": "spotify:track:78WVLOP9pN0G3gRLFy1rAa"
    },
    {
      "artist": "NMIXX",
      "album": "expérgo",
      "track": "Love Me Like This",
      "uri": "spotify:track:3o3bRIOKDwGOdqL9HBUNrO"
    },
    {
      "artist": "SEVENTEEN",
      "album": "SEVENTEEN 6TH MINI ALBUM 'YOU MADE MY DAWN'",
      "track": "Good to Me",
      "uri": "spotify:track:2ujZatFh8uZMkiBTu2z7AH"
    },
    {
      "artist": "BSS",
      "album": "BSS 1st Single Album 'SECOND WIND'",
      "track": "Fighting (Feat. Lee Young Ji)",
      "uri": "spotify:track:7eBpUuPnDTfbeP1P4P93CS"
    },
    {
      "artist": "IVE",
      "album": "I've IVE",
      "track": "I AM",
      "uri": "spotify:track:70t7Q6AYG6ZgTYmJWcnkUM"
    },
    {
      "artist": "THE BOYZ",
      "album": "THE BOYZ 1ST ALBUM [REVEAL]",
      "track": "REVEAL",
      "uri": "spotify:track:14tNUeer5gUbUYvhYYTclS"
    },
    {
      "artist": "CIX",
      "album": "HELLO Chapter 1: Hello, Stranger",
      "track": "Movie Star",
      "uri": "spotify:track:65pVi11JqwSZqUuYAqLP36"
    },
    {
      "artist": "TOMORROW X TOGETHER",
      "album": "minisode 2: Thursday's Child",
      "track": "Good Boy Gone Bad",
      "uri": "spotify:track:1HsSIPLTQT354yJcQGfEY3"
    },
    {
      "artist": "Harry Styles",
      "album": "Harry's House",
      "track": "Cinema",
      "uri": "spotify:track:35TyJIMR3xRouUuo2sjS6v"
    },
    {
      "artist": "Ariana Grande",
      "album": "thank u, next",
      "track": "NASA",
      "uri": "spotify:track:4uTvPEr01pjTbZgl7jcKBD"
    },
    {
      "artist": "WayV",
      "album": "Kick Back - The 3rd Mini Album",
      "track": "Action Figure",
      "uri": "spotify:track:1Z9r4lrkfPK41tfqM6UKMx"
    },
    {
      "artist": "Lady Gaga",
      "album": "Born This Way",
      "track": "Born This Way",
      "uri": "spotify:track:6r2BECwMgEoRb5yLfp0Hca"
    },
    {
      "artist": "YOON MIRAE",
      "album": "Street Man Fighter Original Vol.3 (Mission by Rank)",
      "track": "LAW (Prod. Czaer)",
      "uri": "spotify:track:0VES0jpNQEdRpD31gYDIMe"
    },
    {
      "artist": "NCT 127",
      "album": "Sticker - The 3rd Album",
      "track": "Sticker",
      "uri": "spotify:track:1iGQpclvzonFNzy7Ko89V7"
    },
    {
      "artist": "SEVENTEEN",
      "album": "; [Semicolon]",
      "track": "Light a Flame",
      "uri": "spotify:track:2QeqvHnADmf2fN5sowptuO"
    },
    {
      "artist": "SEVENTEEN",
      "album": "Heng:garæ",
      "track": "Fearless",
      "uri": "spotify:track:24md79Pvck5AWciO5Xc3Ee"
    },
    {
      "artist": "Stray Kids",
      "album": "GO LIVE",
      "track": "God’s Menu",
      "uri": "spotify:track:0RzT9tBLcQhofW2TNiHP9B"
    },
    {
      "artist": "Taylor Swift",
      "album": "Fearless (Taylor's Version)",
      "track": "Fearless (Taylor’s Version)",
      "uri": "spotify:track:77sMIMlNaSURUAXq5coCxE"
    },
    {
      "artist": "TAEYONG",
      "album": "SHALALA - The 1st Mini Album",
      "track": "SHALALA",
      "uri": "spotify:track:2gAX00D7NOBKdcKbOXdpFR"
    },
    {
      "artist": "BOYS PLANET",
      "album": "BOYS PLANET - FINAL TOP9 BATTLE",
      "track": "Hot Summer",
      "uri": "spotify:track:4eSaL5oRwSHcMGvmIrgYzP"
    },
    {
      "artist": "SuperM",
      "album": "Tiger Inside",
      "track": "Tiger Inside",
      "uri": "spotify:track:2TENPSXQkWNgEFxmi4PRWE"
    },
    {
      "artist": "IVE",
      "album": "LOVE DIVE",
      "track": "LOVE DIVE",
      "uri": "spotify:track:0Q5VnK2DYzRyfqQRJuUtvi"
    },
    {
      "artist": "SEVENTEEN",
      "album": "SEVENTEEN 1st Mini Album ’17 CARAT’",
      "track": "Adore U",
      "uri": "spotify:track:6wtgR5ZVbOZPHIeMNQwugp"
    },
    {
      "artist": "PENTAGON",
      "album": "WE:TH",
      "track": "Daisy",
      "uri": "spotify:track:14pjnaIqkpReO5D0tHofAS"
    },
    {
      "artist": "ATEEZ",
      "album": "TREASURE EPILOGUE : Action To Answer",
      "track": "Answer",
      "uri": "spotify:track:3IdPtyJHB1WVPM4eCiCAKM"
    },
    {
      "artist": "NCT",
      "album": "NCT 2018 EMPATHY",
      "track": "TOUCH",
      "uri": "spotify:track:1mdEvT7X3Rs7vL75fRb8oo"
    },
    {
      "artist": "Jung Kook",
      "album": "GOLDEN",
      "track": "Hate You",
      "uri": "spotify:track:5ONOlTiqymhzwcFjqcIT6E"
    },
    {
      "artist": "The Rose",
      "album": "Dawn",
      "track": "She's In The Rain",
      "uri": "spotify:track:0TxSk5fpK01cBLV9ePqcE6"
    },
    {
      "artist": "KAI",
      "album": "Rover - The 3rd Mini Album",
      "track": "Slidin'",
      "uri": "spotify:track:1kDHz6nhxNtdvh209RvyU6"
    },
    {
      "artist": "JUNNY",
      "album": "MOVIE",
      "track": "MOVIE",
      "uri": "spotify:track:51kQvG4aghW17VSZKkfxTp"
    },
    {
      "artist": "SEVENTEEN",
      "album": "SEVENTEEN 4th Album 'Face the Sun'",
      "track": "HOT",
      "uri": "spotify:track:6I2tqFhk8tq69iursYxuxd"
    },
    {
      "artist": "j-hope",
      "album": "Jack In The Box",
      "track": "Arson",
      "uri": "spotify:track:2QWEMqQMJR1KDf6hDjJOs6"
    },
    {
      "artist": "Jonas Brothers",
      "album": "The Album",
      "track": "Waffle House",
      "uri": "spotify:track:4inPxqHrj9VmjLx5JCDCV4"
    },
    {
      "artist": "Katy Perry",
      "album": "Teenage Dream: The Complete Confection",
      "track": "Last Friday Night (T.G.I.F.)",
      "uri": "spotify:track:455AfCsOhhLPRc68sE01D8"
    },
    {
      "artist": "Queen",
      "album": "Bohemian Rhapsody",
      "track": "Killer Queen - 2011 Remaster",
      "uri": "spotify:track:6AAa4zIwllv49ACRh2ndLh"
    },
    {
      "artist": "WayV",
      "album": "Take Over The Moon - The 2nd Mini Album",
      "track": "Moonwalk",
      "uri": "spotify:track:0nNrpT5W9YOvR3bEa7ym12"
    },
    {
      "artist": "SEVENTEEN",
      "album": "SEVENTEEN 4th Album Repackage 'SECTOR 17'",
      "track": "Circles",
      "uri": "spotify:track:6rurduYegrf5XSZrphuyF2"
    },
    {
      "artist": "BAEKHYUN",
      "album": "City Lights - The 1st Mini Album",
      "track": "UN Village",
      "uri": "spotify:track:0WSTInLqMrT9po0LAHpZCJ"
    }
  ],
  "albums": [
    {
      "artist": "Justin Hurwitz",
      "album": "La La Land",
      "uri": "spotify:album:3GU8BzFEAdFSRjc8jZkL3S"
    },
    {
      "artist": "SEVENTEEN",
      "album": "Heng:garæ",
      "uri": "spotify:album:3tWstxfjHMtqt2ZsRvhlYy"
    },
    {
      "artist": "ZEROBASEONE",
      "album": "YOUTH IN THE SHADE",
      "uri": "spotify:album:7fV7RChHagCcKRnAaDRXuX"
    },
    {
      "artist": "Victorious Cast",
      "album": "Victorious: Music From The Hit TV Show (feat. Victoria Justice)",
      "uri": "spotify:album:1VM5qKftnTKFU9rthvEgYx"
    },
    {
      "artist": "SEVENTEEN",
      "album": "SEVENTEEN 8th Mini Album 'Your Choice'",
      "uri": "spotify:album:79VvXTQNeLr8KmvcdxN0Pc"
    },
    {
      "artist": "EVNNE",
      "album": "Target: ME",
      "uri": "spotify:album:3zgfK7IBAPDcroAqxzzMOy"
    },
    {
      "artist": "Lin-Manuel Miranda",
      "album": "Hamilton",
      "uri": "spotify:album:1kCHru7uhxBUdzkm4gzRQc"
    },
    {
      "artist": "Labrinth",
      "album": "Euphoria (Original Score from the HBO Series)",
      "uri": "spotify:album:788r22Bhr3IHLTNPy8pZea"
    },
    {
      "artist": "SEVENTEEN",
      "album": "SEVENTEEN 10th Mini Album 'FML'",
      "uri": "spotify:album:1JBzeeCJ3axQMVkqWbKh0I"
    },
    {
      "artist": "SEVENTEEN",
      "album": "SEVENTEEN 11th Mini Album 'SEVENTEENTH HEAVEN'",
      "uri": "spotify:album:1rE0Gy69MFUh4GuXafWd0f"
    },
    {
      "artist": "Michael Giacchino",
      "album": "The Incredibles",
      "uri": "spotify:album:5Gqln6CvkfVOlDq1ne1usV"
    },
    {
      "artist": "Ariana Grande",
      "album": "thank u, next",
      "uri": "spotify:album:2fYhqwDWXjbpjaIJPEfKFw"
    },
    {
      "artist": "GOT7",
      "album": "Breath of Love: Last Piece",
      "uri": "spotify:album:5vL6vinpOUVWOV2T8VjL4H"
    },
    {
      "artist": "BTS",
      "album": "BE",
      "uri": "spotify:album:2qehskW9lYGWfYb0xPZkrS"
    },
    {
      "artist": "Various Artists",
      "album": "College Party Anthems",
      "uri": "spotify:album:2fdDDo2Af7X4MiBP2VBl0e"
    },
    {
      "artist": "ENHYPEN",
      "album": "BORDER : DAY ONE",
      "uri": "spotify:album:3YxF7jTnpdNepWbO42f8lH"
    },
    {
      "artist": "BTS",
      "album": "MAP OF THE SOUL : 7",
      "uri": "spotify:album:6mJZTV8lCqnwftYZa94bXS"
    },
    {
      "artist": "Stephen Schwartz",
      "album": "Wicked",
      "uri": "spotify:album:2MWo0RliwlkObUN13r5ITR"
    },
    {
      "artist": "Various Artists",
      "album": "Lemonade Mouth",
      "uri": "spotify:album:3Dpi0hE5J5rdfJhSkP5Icc"
    },
    {
      "artist": "ZEROBASEONE",
      "album": "MELTING POINT",
      "uri": "spotify:album:5XHHcWUt6zy1nkbzt707ys"
    }
  ],
  "shows": [
    {
      "name": "Build a Career in Data Science",
      "publisher": "Jacqueline Nolis and Emily Robinson",
      "uri": "spotify:show:78Nft51TuU3X2urEKfCuys"
    },
    {
      "name": "Daliana's Game ",
      "publisher": "Daliana Liu",
      "uri": "spotify:show:5b4GisxKJThRnRWaqRXmHw"
    },
    {
      "name": "Data Skeptic",
      "publisher": "Kyle Polich",
      "uri": "spotify:show:1BZN7H3ikovSejhwQTzNm4"
    },
    {
      "name": "Naked Data Science",
      "publisher": "Naked Data Science",
      "uri": "spotify:show:4Sacw5UzY7utm6coTEHS0h"
    },
    {
      "name": "Towards Data Science",
      "publisher": "The TDS team ",
      "uri": "spotify:show:63diy2DtpHzQfeNVxAPZgU"
    }
  ],
  "episodes": [
  ],
  "bannedTracks": [
  ],
  "artists": [
    {
      "name": "88rising",
      "uri": "spotify:artist:1AhjOkOLkbHUfcHDSErXQs"
    },
    {
      "name": "Agust D",
      "uri": "spotify:artist:5RmQ8k4l3HZ8JoPb4mNsML"
    },
    {
      "name": "Ariana Grande",
      "uri": "spotify:artist:66CXWjxzNUsdJxJ2JdwvnR"
    },
    {
      "name": "BAEKHYUN",
      "uri": "spotify:artist:4ufh0WuMZh6y4Dmdnklvdl"
    },
    {
      "name": "BTS",
      "uri": "spotify:artist:3Nrfpe0tUJi4K4DXYWgMUX"
    },
    {
      "name": "CHANYEOL",
      "uri": "spotify:artist:6jV25rzTKQ2zMgrqHha1V5"
    },
    {
      "name": "CHEN",
      "uri": "spotify:artist:0UEP2XBR9aC5NBKcAKnBIq"
    },
    {
      "name": "D.O.",
      "uri": "spotify:artist:2CQZr2RPZmrcvDnaod1ldC"
    },
    {
      "name": "DAY6",
      "uri": "spotify:artist:5TnQc2N1iKlFjYD7CPGvFc"
    },
    {
      "name": "DOYOUNG",
      "uri": "spotify:artist:5IMXUzbeAyevQmvtOhXQGi"
    },
    {
      "name": "DPR IAN",
      "uri": "spotify:artist:2o8gT0fQmFxGNbowbdgeZe"
    },
    {
      "name": "ENHYPEN",
      "uri": "spotify:artist:5t5FqBwTcgKTaWmfEbwQY9"
    },
    {
      "name": "Eric Nam",
      "uri": "spotify:artist:2FLqlgckDKdmpBrvLAT5BM"
    },
    {
      "name": "GOT7",
      "uri": "spotify:artist:6nfDaffa50mKtEOwR8g4df"
    },
    {
      "name": "I-LAND",
      "uri": "spotify:artist:4VbAtGhXMJr2AGXa8fkcRu"
    },
    {
      "name": "ITZY",
      "uri": "spotify:artist:2KC9Qb60EaY0kW4eH68vr3"
    },
    {
      "name": "JUN",
      "uri": "spotify:artist:38Gn0ZVC8TQwuaMxBK1yRV"
    },
    {
      "name": "Jackson Wang",
      "uri": "spotify:artist:1kfWoWgCugPkyxQP8lkRlY"
    },
    {
      "name": "Khalid",
      "uri": "spotify:artist:6LuN9FCkKOj5PcnpouEgny"
    },
    {
      "name": "LAY",
      "uri": "spotify:artist:4o7tWrzQOqarDtTMWD2HV9"
    },
    {
      "name": "LOONA",
      "uri": "spotify:artist:52zMTJCKluDlFwMQWmccY7"
    },
    {
      "name": "MONSTA X",
      "uri": "spotify:artist:4TnGh5PKbSjpYqpIdlW5nz"
    },
    {
      "name": "NCT",
      "uri": "spotify:artist:48eO052eSDcn8aTxiv6QaG"
    },
    {
      "name": "NCT 127",
      "uri": "spotify:artist:7f4ignuCJhLXfZ9giKT7rH"
    },
    {
      "name": "NCT DREAM",
      "uri": "spotify:artist:1gBUSTR3TyDdTVFIaQnc02"
    },
    {
      "name": "NCT U",
      "uri": "spotify:artist:3paGCCtX1Xr4Gx53mSeZuQ"
    },
    {
      "name": "Pink Sweat$",
      "uri": "spotify:artist:1W7FNibLa0O0b572tB2w7t"
    },
    {
      "name": "RM",
      "uri": "spotify:artist:2auC28zjQyVTsiZKNgPRGs"
    },
    {
      "name": "Red Velvet",
      "uri": "spotify:artist:1z4g3DjTBBZKhvAroFlhOM"
    },
    {
      "name": "Rich Brian",
      "uri": "spotify:artist:2IDLDx25HU1nQMKde4n61a"
    },
    {
      "name": "SEVENTEEN",
      "uri": "spotify:artist:7nqOGRxlXj7N2JYbgNEjYH"
    },
    {
      "name": "SUHO",
      "uri": "spotify:artist:5zkf2Na8DKKJmtWX5Xrx3m"
    },
    {
      "name": "Stray Kids",
      "uri": "spotify:artist:2dIgFjalVxs4ThymZ67YCE"
    },
    {
      "name": "TAEMIN",
      "uri": "spotify:artist:13rF01aOogvnkuQXOlgTW8"
    },
    {
      "name": "TAEYONG",
      "uri": "spotify:artist:6SKusTjOAPsTZ6kareKQdm"
    },
    {
      "name": "TEN",
      "uri": "spotify:artist:3Q5Qep7ytrjVleNnMnntgQ"
    },
    {
      "name": "TOMORROW X TOGETHER",
      "uri": "spotify:artist:0ghlgldX5Dd6720Q3qFyQB"
    },
    {
      "name": "TWICE",
      "uri": "spotify:artist:7n2Ycct7Beij7Dj7meI4X0"
    },
    {
      "name": "V",
      "uri": "spotify:artist:3JsHnjpbhX4SnySpvpa9DK"
    },
    {
      "name": "YUGYEOM",
      "uri": "spotify:artist:3ohXmy1PGdB3XgzhPqQ0tY"
    },
    {
      "name": "ZEROBASEONE",
      "uri": "spotify:artist:7cjg7EkeZy3OI5o9Qthc6n"
    },
    {
      "name": "j-hope",
      "uri": "spotify:artist:0b1sIQumIAsNbqAoIClSpy"
    }
  ],
  "bannedArtists": [
  ],
  "other": [
  ]
}